Workbook

Sheet Raw_Data
A1: Customer_ID | B1: Customer_Name | C1: Age | D1: Region | E1: City | F1: Plan | G1: Acquisition_Channel | H1: Signup_Date | I1: Tenure_Months | J1: Contract_Type | K1: Payment_Method | L1: Monthly_Fee | M1: Support_Tickets | N1: Complaints | O1: Monthly_Usage_Hours | P1: Satisfaction_Score | Q1: Last_Login | R1: Churn_Date | S1: Churn_Status | T1: Primary_Product | U1: Duplicate_customer ID_Check
A2: C01310 | B2: Meera Das | D2: North | E2: Delhi | F2: Standard | G2: Instagram | H2: 45019 | I2: 9 | J2: Monthly | K2: UPI | L2: 1757 | M2: 2 | N2: 0 | O2: 32 | P2: 3.6 | Q2: 45308 | R2: 16/06/2023 | S2: Churned | T2: Cloud Storage | U2: =COUNTIF($A$2:$A$1826, A2) -> 1
A3: C00477 | B3: Rahul Das | C3: 40 | D3: North | E3: Jaipur | F3: Standard | G3: Facebook | H3: 45678 | I3: 27 | J3: Quarterly | K3: UPI | L3: 1283 | M3: 0 | N3: 2 | O3: 40.6 | P3: 4.4 | Q3: 45694 | S3: Active | T3: Cloud Storage | U3: =COUNTIF($A$2:$A$1826, A3) -> 1
A4: C01564 | B4: Priya Das | C4: 24 | D4: East | E4: Kolkata | F4: Basic | G4: Google Ads | H4: 45297 | I4: 23 | J4: Annual | K4: Credit Card | L4: 521 | M4: 2 | N4: 0 | O4: 14.3 | P4: 3.3 | Q4: 45856 | S4: Active | T4: Automation | U4: =COUNTIF($A$2:$A$1826, A4) -> 1
A5: C00741 | B5: Anita Patel | C5: 42 | D5: South | E5: Bengaluru | F5: Basic | G5: Instagram | H5: 45154 | I5: 6 | J5: Quarterly | K5: UPI | L5: 550 | M5: 1 | N5: 1 | O5: 9.9 | P5: 4 | Q5: 45280 | R5: 24/02/2024 | S5: Churned | T5: Collaboration | U5: =COUNTIF($A$2:$A$1826, A5) -> 1
A6: C01438 | B6: Anita Kumar | C6: 33 | D6: North | E6: Jaipur | F6: Standard | G6: Instagram | H6: 44896 | I6: 30 | J6: Monthly | K6: Credit Card | L6: 1703 | M6: 1 | N6: 1 | O6: 28.5 | P6: 2.4 | Q6: 45130 | S6: Active | T6: Security | U6: =COUNTIF($A$2:$A$1826, A6) -> 3
A7: C00549 | B7: Vikram Patel | C7: 34 | D7: North | E7: Jaipur | F7: Premium | G7: Organic Search | H7: 45206 | I7: 14 | J7: Annual | K7: Debit Card | L7: 2938 | M7: 2 | N7: 1 | O7: 33.2 | P7: 3.4 | Q7: 45289 | S7: Active | T7: Automation | U7: =COUNTIF($A$2:$A$1826, A7) -> 6
A8: C00539 | B8: Rahul Das | C8: 57 | D8: West | E8: Surat | F8: Basic | G8: Instagram | H8: 45605 | I8: 32 | J8: Monthly | K8: Credit Card | L8: ₹523 | M8: 2 | N8: 1 | O8: 16.2 | P8: 4.1 | Q8: 46257 | S8: Active | T8: Security | U8: =COUNTIF($A$2:$A$1826, A8) -> 2
A9: C01221 | B9: Anita Sharma | C9: 37 | D9: West | E9: Ahmedabad | F9: Premium | G9: YouTube | H9: 44585 | I9: 44 | J9: Quarterly | K9: UPI | L9: 3536 | M9: 0 | N9: 0 | O9: 43.9 | P9: 3.9 | Q9: 45141 | R9: 27/09/2025 | S9: Churned | T9: Security | U9: =COUNTIF($A$2:$A$1826, A9) -> 2
A10: C00007 | B10: Rahul Kumar | C10: 57 | D10: East | E10: Bhubaneswar | F10: Standard | G10: Google Ads | H10: 45842 | I10: 20 | J10: Quarterly | K10: Credit Card | L10: 1622 | M10: 1 | N10: 1 | O10: 27.1 | P10: 3.4 | Q10: 46008 | R10: 20/08/2026 | S10: Churned | T10: Analytics | U10: =COUNTIF($A$2:$A$1826, A10) -> 4
A11: C00230 | B11: Rahul Patel | C11: 61 | D11: East | E11: Patna | F11: Basic | G11: Instagram | H11: 45723 | I11: 6 | J11: Quarterly | K11: Debit Card | L11: 747 | M11: 1 | N11: 0 | O11: 20.7 | P11: 2.1 | Q11: 45869 | S11: Active | T11: Cloud Storage | U11: =COUNTIF($A$2:$A$1826, A11) -> 3
A12: C00543 | B12: Sneha Nair | C12: 26 | D12: West | E12: Pune | F12: Premium | G12: YouTube | H12: 45974 | I12: 13 | J12: Monthly | K12: UPI | L12: 3329 | M12: 2 | N12: 0 | O12: 42.7 | P12: 4.5 | Q12: 46175 | S12: Active | T12: Analytics | U12: =COUNTIF($A$2:$A$1826, A12) -> 5
A13: C00693 | B13: Anita Sharma | C13: 51 | D13: North | E13: Jaipur | F13: Standard | G13: Google Ads | H13: 44707 | I13: 46 | J13: Monthly | K13: Credit Card | L13: 1068 | M13: 0 | N13: 0 | O13: 15.9 | P13: 4.7 | Q13: 44781 | S13: Active | T13: Security | U13: =COUNTIF($A$2:$A$1826, A13) -> 3
A14: C00439 | B14: Karan Nair | C14: 65 | D14: South | E14: Kochi | F14: Basic | G14: Email | H14: 45395 | I14: 13 | J14: Monthly | K14: Debit Card | L14: 836 | M14: 3 | N14: 2 | O14: 27.4 | Q14: 45621 | S14: Active | T14: Analytics | U14: =COUNTIF($A$2:$A$1826, A14) -> 1
A15: C00125 | B15: Vikram Nair | C15: 34 | D15: West | E15: Ahmedabad | F15: Standard | G15: Google Ads | H15: 45071 | I15: 13 | J15: Monthly | K15: Credit Card | L15: ₹1,142 | M15: 2 | N15: 0 | O15: 27.7 | P15: 5 | Q15: 45174 | S15: Active | T15: Automation | U15: =COUNTIF($A$2:$A$1826, A15) -> 2
A16: C00201 | B16: Arun Patel | C16: 43 | D16: North | E16: Delhi | F16: Premium | G16: YouTube | H16: 45046 | I16: 11 | J16: Monthly | K16: Credit Card | L16: 3769 | M16: 3 | N16: 1 | O16: 38.7 | P16: 3.4 | Q16: 45261 | S16: Active | T16: Collaboration | U16: =COUNTIF($A$2:$A$1826, A16) -> 1
A17: C00932 | B17: Arun Kumar | C17: 66 | D17: East | E17: Guwahati | F17: Standard | G17: Facebook | H17: 45700 | I17: 43 | J17: Quarterly | K17: UPI | L17: 1193 | M17: 5 | N17: 3 | O17: 21.5 | P17: 3.2 | Q17: 46155 | S17: Active | T17: Analytics | U17: =COUNTIF($A$2:$A$1826, A17) -> 2
A18: C01197 | B18: Karan Sharma | C18: 55 | D18: West | E18: Pune | F18: Basic | G18: Organic Search | H18: 44726 | I18: 12 | J18: Monthly | K18: Debit Card | L18: 533 | M18: 1 | N18: 2 | O18: 12.4 | P18: 3.4 | Q18: 44856 | S18: Active | T18: Automation | U18: =COUNTIF($A$2:$A$1826, A18) -> 1
A19: C00082 | B19: Vikram Das | C19: 27 | D19: North | E19: Lucknow | F19: Standard | G19: Organic Search | H19: 45632 | I19: 21 | J19: Annual | K19: Debit Card | L19: 1684 | M19: 1 | N19: 0 | O19: 6.8 | P19: 4 | Q19: 45963 | R19: 06/09/2025 | S19: Churned | T19: Collaboration | U19: =COUNTIF($A$2:$A$1826, A19) -> 2
A20: C00937 | B20: Anita Sharma | C20: 34 | D20: East | E20: Kolkata | F20: Basic | G20: Organic Search | H20: 45715 | I20: 7 | J20: Quarterly | K20: Credit Card | L20: 608 | M20: 2 | N20: 2 | O20: 16.7 | P20: 4.1 | Q20: 45758 | S20: Active | T20: Cloud Storage | U20: =COUNTIF($A$2:$A$1826, A20) -> 1
A21: C00898 | B21: Ravi Patel | C21: 36 | D21: East | E21: Kolkata | F21: Standard | G21: Organic Search | H21: 45175 | I21: 43 | J21: MONTHLY | K21: Debit Card | L21: ₹1,269 | M21: 1 | N21: 1 | O21: 12.6 | P21: 3.7 | Q21: 45404 | S21: Active | T21: Cloud Storage | U21: =COUNTIF($A$2:$A$1826, A21) -> 1
A22: C01470 | B22: Vikram Kumar | C22: 19 | D22: East | E22: Bhubaneswar | F22: Standard | G22: YouTube | H22: 45102 | I22: 33 | J22: Quarterly | K22: UPI | L22: 1093 | M22: 1 | N22: 1 | O22: 26.5 | P22: 4 | Q22: 45545 | S22: Active | T22: Collaboration | U22: =COUNTIF($A$2:$A$1826, A22) -> 1
A23: C00331 | B23: Ravi Patel | C23: 46 | D23: West | E23: Surat | F23: Standard | G23: Google Ads | H23: 44716 | I23: 45 | J23: Monthly | K23: UPI | L23: 1035 | M23: 2 | N23: 2 | O23: 37.1 | P23: 4.4 | Q23: 45482 | R23: 08/10/2025 | S23: Churned | T23: Collaboration | U23: =COUNTIF($A$2:$A$1826, A23) -> 1
A24: C00747 | B24: Rahul Singh | C24: 29 | D24: North | E24: Chandigarh | F24: Basic | G24: Instagram | H24: 45927 | I24: 7 | J24: Monthly | K24: Credit Card | L24: 785 | M24: 0 | N24: 2 | O24: 10.1 | P24: 3.2 | Q24: 46095 | S24: Active | T24: Analytics | U24: =COUNTIF($A$2:$A$1826, A24) -> 1
A25: C00368 | B25: Sneha Singh | C25: 31 | D25: East | E25: Guwahati | F25: Standard | G25: YouTube | H25: 45070 | I25: 18 | J25: Quarterly | K25: Credit Card | L25: 1109 | M25: 1 | N25: 1 | O25: 15.6 | P25: 3.8 | Q25: 45119 | S25: Active | T25: Collaboration | U25: =COUNTIF($A$2:$A$1826, A25) -> 2
A26: C00467 | B26: Ravi Reddy | C26: 20 | D26: South | E26: Bengaluru | F26: Standard | G26: Email | H26: 45234 | I26: 18 | J26: Monthly | K26: Credit Card | L26: 1284 | M26: 4 | N26: 1 | O26: 21.7 | P26: 3.4 | Q26: 45765 | R26: 16/01/2025 | S26: Churned | T26: Cloud Storage | U26: =COUNTIF($A$2:$A$1826, A26) -> 2
A27: C01190 | B27: Meera Singh | C27: 35 | D27: East | E27: Kolkata | F27: Basic | G27: Email | H27: 45269 | I27: 47 | J27: Monthly | K27: Debit Card | L27: 722 | N27: 4 | O27: 15.4 | P27: 3.5 | Q27: 45515 | R27: 06/03/2026 | S27: Churned | T27: Security | U27: =COUNTIF($A$2:$A$1826, A27) -> 3
A28: C00004 | B28: Ravi Iyer | C28: 61 | D28: South | E28: Hyderabad | F28: Basic | G28: Facebook | H28: 45238 | I28: 40 | J28: Quarterly | K28: Credit Card | L28: 562 | M28: 0 | N28: 0 | O28: 19.8 | P28: 4.5 | Q28: 45863 | S28: Active | T28: Security | U28: =COUNTIF($A$2:$A$1826, A28) -> 1
A29: C01428 | B29: Ravi Kumar | C29: 38 | D29: East | E29: Bhubaneswar | F29: Basic | G29: Facebook | H29: 45338 | I29: 44 | J29: Quarterly | K29: UPI | L29: 588 | M29: 2 | N29: 1 | O29: 19.4 | P29: 2.6 | Q29: 45964 | R29: 26/06/2026 | S29: Churned | T29: Security | U29: =COUNTIF($A$2:$A$1826, A29) -> 2
A30: C01188 | B30: Vikram Reddy | C30: 24 | D30: East | E30: Guwahati | F30: Basic | G30: Facebook | H30: 44999 | I30: 33 | J30: Quarterly | K30: Debit Card | L30: 875 | M30: 4 | N30: 0 | O30: 27.3 | P30: 3 | Q30: 45095 | S30: Active | T30: Collaboration | U30: =COUNTIF($A$2:$A$1826, A30) -> 2
A31: C00461 | B31: Karan Nair | C31: 44 | D31: South | E31: Chennai | F31: Basic | G31: Instagram | H31: 45535 | I31: 40 | J31: Monthly | K31: UPI | L31: 536 | M31: 5 | N31: 1 | O31: 10.9 | P31: 3 | Q31: 46723 | R31: 02/11/2025 | S31: Churned | T31: Analytics | U31: =COUNTIF($A$2:$A$1826, A31) -> 2
A32: C01538 | B32: Sneha Patel | C32: 48 | D32: North | E32: Lucknow | F32: Basic | G32: YouTube | H32: 45987 | I32: 34 | J32: Annual | K32: Debit Card | L32: 784 | M32: 1 | N32: 1 | O32: 23 | P32: 2.9 | Q32: 46245 | S32: Active | T32: Automation | U32: =COUNTIF($A$2:$A$1826, A32) -> 1
A33: C01220 | B33: Sneha Nair | C33: 35 | D33: East | E33: Guwahati | F33: standard | G33: Facebook | H33: 45595 | I33: 28 | J33: Monthly | K33: Debit Card | L33: 1455 | M33: 0 | N33: 4 | O33: 26.2 | P33: 4.3 | Q33: 45767 | R33: 30/12/2026 | S33: Churned | T33: Collaboration | U33: =COUNTIF($A$2:$A$1826, A33) -> 3
A34: C01569 | B34: Rahul Singh | C34: 43 | D34: West | E34: Pune | F34: Basic | G34: Google Ads | H34: 45147 | I34: 16 | J34: Annual | K34: UPI | L34: 662 | M34: 2 | N34: 2 | O34: 11.2 | P34: 2.3 | Q34: 45227 | S34: Active | T34: Cloud Storage | U34: =COUNTIF($A$2:$A$1826, A34) -> 4
A35: C00132 | B35: Meera Das | C35: 49 | D35: West | E35: Surat | F35: Basic | G35: Email | H35: 45413 | I35: 4 | J35: Monthly | K35: Credit Card | L35: 714 | M35: 2 | N35: 2 | O35: 10.9 | P35: 3.8 | Q35: 45428 | S35: Active | T35: Collaboration | U35: =COUNTIF($A$2:$A$1826, A35) -> 2
A36: C01544 | B36: Arun Das | C36: 40 | D36: West | E36: Surat | F36: Standard | G36: Facebook | H36: 45680 | I36: 39 | J36: Annual | K36: Debit Card | L36: 1223 | M36: 1 | N36: 4 | O36: 36.7 | P36: 4.6 | Q36: 46582 | R36: 13/11/2027 | S36: Churned | T36: Security | U36: =COUNTIF($A$2:$A$1826, A36) -> 2
A37: C01484 | B37: Karan Patel | C37: 48 | D37: South | E37: Kochi | F37: Premium | G37: Organic Search | H37: 45655 | I37: 2 | J37: Monthly | K37: UPI | L37: 3356 | M37: 4 | N37: 1 | O37: 49.5 | P37: 3.7 | Q37: 45668 | R37: 02/02/2025 | S37: Churned | T37: Collaboration | U37: =COUNTIF($A$2:$A$1826, A37) -> 2
A38: C00777 | B38: Arun Kumar | C38: 41 | D38: East | E38: Bhubaneswar | F38: Standard | G38: Referral | H38: 45338 | I38: 18 | J38: Monthly | K38: Debit Card | L38: 1257 | M38: 2 | N38: 1 | O38: 24.1 | P38: 3.8 | Q38: 45431 | R38: 11/07/2025 | S38: Churned | T38: Analytics | U38: =COUNTIF($A$2:$A$1826, A38) -> 2
A39: C01600 | B39: Meera Singh | C39: 48 | D39: North | E39: Delhi | F39: Premium | G39: Instagram | H39: 44603 | I39: 40 | J39: Annual | K39: Credit Card | L39: 3370 | M39: 2 | N39: 1 | O39: 30.9 | P39: 3.4 | Q39: 44847 | S39: Active | T39: Collaboration | U39: =COUNTIF($A$2:$A$1826, A39) -> 1
A40: C00344 | B40: Neha Sharma | C40: 56 | D40: North | E40: Jaipur | F40: Premium | G40: Google Ads | H40: 45747 | I40: 2 | J40: Annual | K40: Debit Card | L40: 3858 | M40: 4 | N40: 0 | O40: 38.4 | P40: 3.1 | Q40: 45805 | R40: 25/05/2025 | S40: churned | T40: Cloud Storage | U40: =COUNTIF($A$2:$A$1826, A40) -> 2
A41: C00209 | B41: Anita Kumar | C41: 45 | D41: East | E41: Kolkata | F41: Standard | G41: Organic Search | H41: 44646 | I41: 23 | J41: Quarterly | K41: UPI | L41: 1378 | M41: 1 | N41: 0 | O41: 22.7 | P41: 4.5 | Q41: 45174 | S41: Active | T41: Security | U41: =COUNTIF($A$2:$A$1826, A41) -> 2
A42: C00742 | B42: Karan Iyer | C42: 39 | D42: West | E42: Pune | F42: Basic | G42: Facebook | H42: 45630 | I42: 42 | J42: Monthly | K42: UPI | L42: 774 | M42: 1 | N42: 0 | O42: 11.8 | P42: 5 | Q42: 46592 | S42: Active | T42: Collaboration | U42: =COUNTIF($A$2:$A$1826, A42) -> 2
A43: C00924 | B43: Anita Iyer | C43: 40 | D43: South | E43: Kochi | F43: Standard | G43: Facebook | H43: 45338 | I43: 22 | J43: Quarterly | K43: Debit Card | L43: 1185 | M43: 3 | N43: 1 | O43: 42.1 | P43: 4.1 | Q43: 45565 | S43: Active | T43: Collaboration | U43: =COUNTIF($A$2:$A$1826, A43) -> 2
A44: C01139 | B44: Sneha Nair | C44: 20 | D44: North | E44: Jaipur | F44: Basic | G44: Facebook | H44: 45394 | I44: 32 | J44: Monthly | K44: Credit Card | L44: 622 | M44: 2 | N44: 0 | O44: 5.8 | P44: 3.3 | Q44: 46065 | S44: Active | T44: Cloud Storage | U44: =COUNTIF($A$2:$A$1826, A44) -> 5
A45: C00829 | B45: Anita Nair | C45: 36 | D45: South | E45: Hyderabad | F45: Standard | G45: Referral | H45: 45531 | I45: 36 | J45: Quarterly | K45: Credit Card | L45: 1762 | M45: 1 | N45: 1 | O45: 31.6 | P45: 4.4 | Q45: 46218 | S45: Yes | T45: Cloud Storage | U45: =COUNTIF($A$2:$A$1826, A45) -> 1
A46: C00248 | B46: Meera Iyer | C46: 25 | D46: South | E46: Hyderabad | F46: Basic | G46: Organic Search | H46: 45975 | I46: 12 | J46: Monthly | K46: Debit Card | L46: 877 | M46: 3 | N46: 1 | O46: 16 | P46: 2.6 | Q46: 46355 | S46: Active | T46: Cloud Storage | U46: =COUNTIF($A$2:$A$1826, A46) -> 3
A47: C00740 | B47: Sneha Sharma | C47: 19 | D47: South | E47: Hyderabad | F47: Basic | G47: Organic Search | H47: 44821 | I47: 18 | J47: Annual | K47: Credit Card | L47: 526 | M47: 1 | N47: 0 | O47: 27.3 | P47: 3.7 | Q47: 44960 | S47: Active | T47: Security | U47: =COUNTIF($A$2:$A$1826, A47) -> 3
A48: C00981 | B48: Meera Kumar | C48: 28 | D48: West | E48: Ahmedabad | F48: Basic | G48: Google Ads | H48: 45079 | I48: 31 | J48: Monthly | K48: Debit Card | L48: 532 | M48: 3 | N48: 1 | O48: 16.4 | P48: 3.8 | Q48: 45164 | S48: Active | T48: Collaboration | U48: =COUNTIF($A$2:$A$1826, A48) -> 1
A49: C00175 | B49: Sneha Iyer | C49: 56 | D49: South | E49: Bengaluru | F49: Standard | G49: Email | H49: 45803 | I49: 39 | J49: Quarterly | K49: Credit Card | L49: 1793 | M49: 3 | N49: 0 | O49: 33.5 | P49: 3.8 | Q49: 46592 | R49: 03/01/2028 | S49: Churned | T49: Automation | U49: =COUNTIF($A$2:$A$1826, A49) -> 3
A50: C01272 | B50: Ravi Sharma | C50: 29 | D50: North | E50: Delhi | F50: Premium | G50: Instagram | H50: 45843 | I50: 14 | J50: Monthly | K50: Credit Card | L50: 2490 | M50: 0 | N50: 0 | O50: 40.2 | P50: 3.1 | Q50: 45941 | S50: Active | T50: Security | U50: =COUNTIF($A$2:$A$1826, A50) -> 4
A51: C01412 | B51: Vikram Singh | C51: 46 | D51: West | E51: Ahmedabad | F51: Basic | G51: Referral | H51: 46009 | I51: 19 | J51: Monthly | K51: Debit Card | L51: 731 | M51: 0 | N51: 3 | O51: 13.3 | P51: 4.5 | Q51: 46258 | S51: Active | T51: Cloud Storage | U51: =COUNTIF($A$2:$A$1826, A51) -> 1
A52: C01327 | B52: Sneha Sharma | C52: 48 | D52: South | E52: Hyderabad | F52: Standard | G52: Google Ads | H52: 44684 | I52: 11 | J52: Annual | K52: Credit Card | L52: 1765 | M52: 1 | N52: 2 | O52: 23 | P52: 4.5 | Q52: 44985 | R52: 27/10/2022 | S52: Churned | T52: Security | U52: =COUNTIF($A$2:$A$1826, A52) -> 2
A53: C00558 | B53: Meera Kumar | C53: 67 | D53: West | E53: Surat | F53: Basic | G53: Google Ads | H53: 45446 | I53: 48 | J53: Annual | K53: Credit Card | L53: 627 | M53: 3 | N53: 2 | O53: 28.2 | P53: 3.2 | Q53: 45924 | S53: Active | U53: =COUNTIF($A$2:$A$1826, A53) -> 2
A54: C00083 | B54: Sneha Reddy | C54: 45 | D54: South | E54: Kochi | F54: Standard | G54: Email | H54: 45131 | I54: 12 | J54: Quarterly | K54: Credit Card | L54: 1649 | M54: 3 | N54: 0 | O54: 28.1 | P54: 4.5 | Q54: 45392 | R54: 08/10/2023 | S54: Churned | T54: Analytics | U54: =COUNTIF($A$2:$A$1826, A54) -> 2
A55: C00330 | B55: Vikram Reddy | C55: 26 | D55: East | E55: Guwahati | F55: Standard | G55: Referral | H55: 45918 | I55: 26 | J55: Quarterly | K55: Debit Card | L55: 1036 | M55: 4 | N55: 0 | O55: 30.6 | P55: 3.6 | Q55: 46018 | R55: 05/09/2026 | S55: Churned | T55: Analytics | U55: =COUNTIF($A$2:$A$1826, A55) -> 2
A56: C01347 | B56: Vikram Patel | C56: 37 | D56: West | E56: Surat | F56: Basic | G56: Organic Search | H56: 45302 | I56: 40 | J56: Quarterly | K56: Debit Card | L56: 819 | M56: 2 | N56: 1 | O56: 27.3 | P56: 4.4 | Q56: 45417 | R56: 01/04/2025 | S56: Churned | T56: Security | U56: =COUNTIF($A$2:$A$1826, A56) -> 1
A57: C00249 | B57: Sneha Sharma | C57: 60 | D57: WEST | E57: Jaipur | F57: Standard | G57: Referral | H57: 45690 | I57: 1 | J57: Monthly | K57: Debit Card | L57: 1229 | M57: 2 | N57: 0 | O57: 11.3 | P57: 5 | Q57: 45707 | S57: Active | T57: Collaboration | U57: =COUNTIF($A$2:$A$1826, A57) -> 2
A58: C01043 | B58: Ravi Patel | C58: 23 | D58: East | F58: Standard | G58: Email | H58: 45061 | I58: 30 | J58: Quarterly | K58: Credit Card | L58: 1194 | M58: 0 | N58: 0 | O58: 32.9 | P58: 4.9 | Q58: 45684 | S58: Active | T58: Collaboration | U58: =COUNTIF($A$2:$A$1826, A58) -> 2
A59: C01040 | B59: Anita Reddy | C59: 54 | D59: East | E59: Kolkata | F59: Basic | G59: Referral | H59: 45764 | I59: 38 | J59: Annual | K59: Credit Card | L59: 749 | M59: 2 | N59: 0 | O59: 14.5 | P59: 3.9 | Q59: 46877 | R59: 02/02/2028 | S59: Churned | T59: Security | U59: =COUNTIF($A$2:$A$1826, A59) -> 2
A60: C00660 | B60: Karan Patel | C60: 50 | D60: South | E60: Chennai | F60: Standard | G60: Instagram | H60: 45403 | I60: 3 | J60: Monthly | K60: UPI | L60: 1721 | M60: 4 | N60: 2 | O60: 37.2 | P60: 3.3 | Q60: 45461 | S60: Active | T60: Automation | U60: =COUNTIF($A$2:$A$1826, A60) -> 2
A61: C01209 | B61: Rahul Sharma | C61: 49 | D61: East | E61: Kolkata | F61: Premium | G61: Email | H61: 44766 | I61: 34 | J61: Quarterly | K61: Credit Card | L61: ₹2,294 | M61: 1 | N61: 0 | O61: 35.6 | P61: 3.7 | Q61: 45615 | R61: 30/01/2025 | S61: Churned | T61: Automation | U61: =COUNTIF($A$2:$A$1826, A61) -> 1
A62: C01419 | B62: Ravi Kumar | C62: 58 | D62: West | E62: Mumbai | F62: Premium | G62: YouTube | H62: 45943 | I62: 35 | J62: Monthly | K62: UPI | L62: 3470 | M62: 4 | N62: 1 | O62: 40.6 | P62: 3 | Q62: 46952 | S62: Active | T62: Collaboration | U62: =COUNTIF($A$2:$A$1826, A62) -> 1
A63: C00466 | B63: Arun Reddy | C63: 22 | D63: North | E63: Lucknow | F63: Premium | G63: YouTube | H63: 45859 | I63: 46 | J63: Quarterly | K63: Credit Card | L63: 3420 | M63: 1 | N63: 2 | O63: 38.6 | P63: 4.6 | Q63: 46482 | R63: 18/10/2025 | S63: Churned | T63: Collaboration | U63: =COUNTIF($A$2:$A$1826, A63) -> 3
A64: C00883 | B64: Meera Singh | C64: 50 | D64: South | E64: Chennai | F64: Standard | G64: Organic Search | H64: 45958 | I64: 12 | J64: Annual | K64: UPI | L64: 1623 | M64: 4 | N64: 0 | O64: 39.6 | P64: 4.6 | Q64: 46163 | S64: Active | T64: Cloud Storage | U64: =COUNTIF($A$2:$A$1826, A64) -> 1
A65: C00945 | B65: Meera Iyer | C65: 59 | D65: north | E65: Guwahati | F65: Basic | G65: Google Ads | H65: 45514 | I65: 19 | J65: Quarterly | K65: Debit Card | L65: 579 | M65: 1 | N65: 1 | O65: 35.5 | P65: 3 | Q65: 45877 | S65: Active | T65: Collaboration | U65: =COUNTIF($A$2:$A$1826, A65) -> 1
A66: C00936 | B66: Vikram Kumar | C66: 61 | D66: East | E66: Bhubaneswar | F66: Premium | G66: YouTube | H66: 45551 | I66: 7 | J66: Quarterly | K66: Credit Card | L66: 3176 | M66: 4 | N66: 2 | O66: 31.9 | P66: 3.8 | Q66: 45636 | S66: Active | T66: Analytics | U66: =COUNTIF($A$2:$A$1826, A66) -> 1
A67: C01160 | B67: Priya Kumar | C67: 38 | D67: North | E67: Lucknow | F67: Standard | G67: Referral | H67: 45033 | I67: 120 | J67: Quarterly | K67: UPI | L67: 1650 | M67: 2 | N67: 0 | O67: 17.4 | P67: 5 | Q67: 45556 | R67: 21/02/2024 | S67: Churned | T67: Automation | U67: =COUNTIF($A$2:$A$1826, A67) -> 2
A68: C00748 | B68: Vikram Patel | C68: 35 | D68: south | E68: Bengaluru | F68: Premium | G68: Referral | H68: 45412 | I68: 12 | J68: Quarterly | K68: Credit Card | L68: 3086 | M68: 2 | N68: 2 | O68: 47.4 | P68: 3.3 | Q68: 45678 | S68: Active | T68: Collaboration | U68: =COUNTIF($A$2:$A$1826, A68) -> 1
A69: C00236 | B69: Karan Kumar | C69: 35 | D69: South | E69: Mumbai | F69: Basic | G69: Instagram | H69: 45947 | I69: 47 | J69: Annual | K69: UPI | L69: 702 | M69: 1 | N69: 0 | O69: 17.1 | P69: 4.8 | Q69: 46141 | S69: Active | T69: Security | U69: =COUNTIF($A$2:$A$1826, A69) -> 3
A70: C00755 | B70: Anita Singh | C70: 60 | D70: East | E70: Guwahati | F70: Standard | G70: Referral | H70: 44783 | I70: 44 | J70: Monthly | K70: Debit Card | L70: 1633 | M70: 6 | N70: 1 | O70: 30.1 | P70: 4 | Q70: 45942 | S70: Active | T70: Security | U70: =COUNTIF($A$2:$A$1826, A70) -> 3
A71: C01436 | B71: Karan Nair | C71: 42 | D71: East | E71: Guwahati | F71: Basic | G71: Google Ads | H71: 44638 | I71: 20 | J71: Annual | K71: Debit Card | L71: 558 | M71: 2 | N71: 0 | O71: 19 | P71: 4.2 | Q71: 45198 | R71: 02/09/2022 | S71: Churned | T71: Automation | U71: =COUNTIF($A$2:$A$1826, A71) -> 2
A72: C00859 | B72: Neha Nair | C72: 47 | D72: South | E72: Kochi | F72: Standard | G72: YouTube | H72: 45564 | I72: 40 | J72: Monthly | K72: Credit Card | L72: 1032 | M72: 4 | N72: 2 | O72: 30.7 | P72: 3 | Q72: 46332 | S72: Active | T72: Analytics | U72: =COUNTIF($A$2:$A$1826, A72) -> 2
A73: C01405 | B73: Meera Kumar | C73: 22 | D73: East | E73: Patna | F73: Basic | G73: Referral | H73: 44950 | I73: 8 | J73: Quarterly | K73: UPI | L73: 731 | M73: 2 | N73: 0 | O73: 23.2 | P73: 4.9 | Q73: 45014 | R73: 06/08/2023 | S73: Churned | T73: Cloud Storage | U73: =COUNTIF($A$2:$A$1826, A73) -> 2
A74: C01157 | B74: Meera Kumar | C74: 36 | D74: South | E74: Bengaluru | F74: Standard | G74: Organic Search | H74: 44986 | I74: 38 | J74: Monthly | K74: UPI | L74: 1335 | M74: 3 | N74: 2 | O74: 36.5 | P74: 2.1 | Q74: 45298 | S74: Active | T74: Automation | U74: =COUNTIF($A$2:$A$1826, A74) -> 2
A75: C00514 | B75: Rahul Iyer | C75: 22 | D75: South | E75: Bengaluru | F75: Standard | G75: Google Ads | H75: 44831 | I75: 1 | J75: Monthly | K75: Debit Card | L75: 1601 | M75: 2 | N75: 1 | O75: 35.9 | P75: 4 | Q75: 44842 | S75: Active | T75: Security | U75: =COUNTIF($A$2:$A$1826, A75) -> 2
A76: C01078 | B76: Meera Kumar | C76: 65 | D76: North | E76: Delhi | F76: Standard | G76: YouTube | H76: 45303 | I76: 33 | J76: Annual | K76: Debit Card | L76: 1514 | M76: 2 | N76: 0 | O76: 31.1 | P76: 3.7 | Q76: 46281 | S76: Active | T76: Collaboration | U76: =COUNTIF($A$2:$A$1826, A76) -> 2
A77: C00939 | B77: Priya Sharma | C77: 39 | D77: North | E77: Delhi | F77: Premium | G77: YouTube | H77: 45384 | I77: 28 | J77: Annual | K77: UPI | L77: 3862 | M77: 1 | N77: 2 | O77: 40.9 | P77: 2.9 | Q77: 45848 | S77: Active | T77: Analytics | U77: =COUNTIF($A$2:$A$1826, A77) -> 1
A78: C00259 | B78: Ravi Singh | C78: 46 | D78: East | E78: Patna | F78: Basic | G78: Organic Search | H78: 45648 | I78: 19 | J78: Quarterly | K78: UPI | L78: 808 | M78: 0 | N78: 0 | O78: 14.4 | P78: 3.3 | Q78: 45775 | S78: Active | T78: Security | U78: =COUNTIF($A$2:$A$1826, A78) -> 3
A79: C00695 | B79: Sneha Sharma | C79: 24 | D79: West | E79: Surat | F79: Basic | G79: Google Ads | H79: 45202 | I79: 28 | J79: Monthly | K79: UPI | L79: 629 | M79: 0 | N79: 0 | O79: 11.5 | P79: 3.2 | Q79: 45368 | S79: Active | T79: Security | U79: =COUNTIF($A$2:$A$1826, A79) -> 2
A80: C00198 | B80: Arun Iyer | C80: 57 | D80: East | E80: Bhubaneswar | F80: Standard | G80: Organic Search | H80: 45712 | I80: 36 | J80: Quarterly | K80: Credit Card | L80: 1419 | M80: 2 | N80: 0 | O80: 16.5 | P80: 3.5 | Q80: 46588 | S80: Active | T80: Analytics | U80: =COUNTIF($A$2:$A$1826, A80) -> 1
A81: C01184 | B81: Neha Das | C81: 54 | D81: South | E81: Chennai | F81: Standard | G81: Instagram | H81: 44783 | I81: 23 | J81: Annual | K81: Debit Card | L81: 1116 | M81: 0 | N81: 2 | O81: 32.1 | P81: 4.8 | Q81: 45078 | R81: 18/04/2024 | S81: Churned | T81: Automation | U81: =COUNTIF($A$2:$A$1826, A81) -> 4
A82: C00054 | B82: Priya Patel | C82: 66 | D82: East | E82: Kolkata | F82: Basic | G82: Facebook | H82: 45194 | I82: 22 | J82: Annual | K82: Credit card | L82: ₹591 | M82: 2 | N82: 1 | O82: 24.8 | P82: 3.1 | Q82: 45614 | S82: Active | T82: Analytics | U82: =COUNTIF($A$2:$A$1826, A82) -> 1
A83: C01529 | B83: Meera Sharma | C83: 22 | D83: South | E83: Kochi | F83: Basic | G83: Referral | H83: 44884 | I83: 24 | J83: Monthly | K83: UPI | L83: 665 | M83: 2 | N83: 0 | O83: 5.9 | P83: 4.9 | Q83: 45475 | S83: Active | T83: Automation | U83: =COUNTIF($A$2:$A$1826, A83) -> 1
A84: C00102 | B84: Priya Reddy | C84: 46 | D84: North | E84: Chandigarh | F84: Basic | G84: Email | H84: 45556 | I84: 120 | J84: Monthly | K84: Credit Card | L84: 638 | M84: 2 | N84: 1 | O84: 22.6 | P84: 4 | Q84: 46615 | S84: Active | T84: Automation | U84: =COUNTIF($A$2:$A$1826, A84) -> 2
A85: C00997 | B85: Vikram Reddy | C85: 26 | D85: East | E85: Kolkata | F85: Basic | G85: Organic Search | H85: 44674 | I85: 1 | J85: Monthly | K85: Credit Card | L85: 607 | M85: 1 | N85: 0 | O85: 11.5 | P85: 2.9 | Q85: 44700 | S85: Active | T85: Security | U85: =COUNTIF($A$2:$A$1826, A85) -> 2
A86: C00360 | B86: Arun Nair | C86: 23 | D86: South | E86: Kochi | F86: Standard | G86: Instagram | H86: 45586 | I86: 36 | J86: Quarterly | K86: Debit Card | L86: 1072 | M86: 0 | N86: 2 | O86: 22.8 | P86: 2.7 | Q86: 45682 | R86: 02/05/2027 | S86: Churned | T86: Security | U86: =COUNTIF($A$2:$A$1826, A86) -> 3
A87: C01175 | B87: Priya Das | C87: 25 | D87: West | E87: Surat | F87: Basic | G87: Email | H87: 44604 | I87: 21 | J87: Monthly | K87: Credit Card | L87: 815 | M87: 0 | N87: 1 | O87: 17.9 | P87: 5 | Q87: 44984 | S87: Active | T87: Automation | U87: =COUNTIF($A$2:$A$1826, A87) -> 5
A88: C00821 | B88: Priya Singh | C88: 68 | D88: North | E88: Lucknow | F88: Premium | G88: Facebook | H88: 45257 | I88: 15 | J88: Quarterly | K88: Credit Card | L88: 3044 | M88: 0 | N88: 0 | O88: 34.5 | P88: 5 | Q88: 45591 | S88: Active | T88: Cloud Storage | U88: =COUNTIF($A$2:$A$1826, A88) -> 1
A89: C00484 | B89: Meera Nair | C89: 62 | D89: North | E89: Jaipur | F89: Basic | G89: Instagram | H89: 45795 | I89: 10 | J89: Annual | K89: Debit Card | L89: 834 | M89: 3 | N89: 0 | O89: 29.2 | P89: 2.5 | Q89: 46057 | R89: 09/02/2026 | S89: Churned | T89: Automation | U89: =COUNTIF($A$2:$A$1826, A89) -> 4
A90: C00662 | B90: Ravi Sharma | C90: 38 | D90: East | E90: Bhubaneswar | F90: Basic | G90: Email | H90: 45467 | I90: 41 | J90: Quarterly | K90: Credit Card | L90: 639 | M90: 1 | N90: 0 | O90: 12.8 | P90: 3.3 | Q90: 46197 | S90: Active | T90: Analytics | U90: =COUNTIF($A$2:$A$1826, A90) -> 3
A91: C00117 | B91: Arun Nair | C91: 55 | D91: East | E91: Patna | F91: Basic | G91: YouTube | H91: 44746 | I91: 40 | J91: Annual | K91: UPI | M91: 1 | N91: 2 | O91: 1 | P91: 4.3 | Q91: 45891 | S91: Active | T91: Collaboration | U91: =COUNTIF($A$2:$A$1826, A91) -> 1
A92: C01240 | B92: Neha Nair | C92: 47 | D92: West | E92: Pune | F92: Premium | G92: Email | H92: 44773 | I92: 22 | J92: Annual | K92: Debit Card | L92: ₹3,322 | M92: 1 | N92: 2 | O92: 33.4 | P92: 4.4 | Q92: 44959 | R92: 09/10/2022 | S92: Churned | T92: Automation | U92: =COUNTIF($A$2:$A$1826, A92) -> 1
A93: C00326 | B93: Priya Reddy | C93: 25 | D93: East | E93: Patna | F93: standard | G93: Email | H93: 45399 | I93: 22 | J93: Annual | K93: Debit Card | L93: 3324 | M93: 1 | N93: 1 | O93: 45.5 | P93: 3 | Q93: 45751 | S93: Active | T93: Security | U93: =COUNTIF($A$2:$A$1826, A93) -> 2
A94: C00582 | B94: Meera Sharma | C94: 38 | D94: East | E94: Bhubaneswar | F94: Basic | G94: Organic Search | H94: 45921 | I94: 10 | J94: Annual | K94: Credit Card | L94: 657 | M94: 2 | N94: 0 | O94: 14.3 | P94: 3.4 | Q94: 46131 | R94: 26/12/2025 | S94: Churned | T94: Collaboration | U94: =COUNTIF($A$2:$A$1826, A94) -> 3
A95: C00262 | B95: Neha Singh | C95: 27 | D95: North | E95: Lucknow | F95: Standard | G95: Google Ads | H95: 45304 | I95: 20 | J95: Monthly | K95: UPI | L95: 1348 | M95: 0 | N95: 0 | O95: 50.3 | P95: 2.3 | Q95: 45811 | S95: Active | T95: Collaboration | U95: =COUNTIF($A$2:$A$1826, A95) -> 2
A96: C00208 | B96: Sneha Kumar | C96: 45 | D96: North | E96: Chandigarh | F96: Premium | G96: Organic Search | H96: 44830 | I96: 39 | J96: Quarterly | K96: Debit Card | L96: 3701 | M96: 4 | N96: 0 | O96: 33.2 | P96: 4.4 | Q96: 45179 | S96: Yes | T96: Cloud Storage | U96: =COUNTIF($A$2:$A$1826, A96) -> 2
A97: C00910 | B97: Sneha Iyer | C97: 68 | D97: East | E97: Guwahati | F97: Basic | G97: Instagram | H97: 45195 | I97: 31 | J97: Quarterly | K97: Debit Card | L97: 598 | M97: 1 | N97: 2 | O97: 19.4 | P97: 3.8 | Q97: 45789 | R97: 19/01/2025 | S97: Churned | T97: Automation | U97: =COUNTIF($A$2:$A$1826, A97) -> 2
A98: C00858 | B98: Ravi Sharma | C98: 37 | D98: South | E98: Chennai | F98: Standard | G98: Instagram | H98: 45074 | I98: 4 | J98: Monthly | K98: UPI | L98: 1566 | M98: 1 | N98: 0 | O98: 30.7 | P98: 3.3 | Q98: 45110 | S98: Active | T98: Collaboration | U98: =COUNTIF($A$2:$A$1826, A98) -> 3
A99: C00921 | B99: Neha Das | C99: 24 | D99: South | E99: Kochi | F99: Basic | G99: Instagram | H99: 45485 | I99: 23 | J99: Quarterly | K99: UPI | L99: 711 | M99: 3 | N99: 1 | O99: 22.3 | P99: 4.6 | Q99: 46009 | R99: 28/08/2025 | S99: Churned | T99: Analytics | U99: =COUNTIF($A$2:$A$1826, A99) -> 3
A100: C00653 | B100: Sneha Kumar | C100: 24 | D100: North | E100: Chandigarh | F100: basic | G100: Instagram | H100: 44640 | I100: 19 | J100: Monthly | K100: Credit Card | L100: 1711 | M100: 2 | N100: 0 | O100: 22.6 | P100: 1.7 | Q100: 44792 | R100: 12/08/2023 | S100: Churned | T100: Cloud Storage | U100: =COUNTIF($A$2:$A$1826, A100) -> 2
...

Sheet Processed_Data
A1: Customer_ID | B1: Customer_Name | C1: Age | D1: Region | E1: City | F1: Plan | G1: Acquisition_Channel | H1: Signup_Date | I1: Tenure_Months | J1: Contract_Type | K1: Payment_Method | L1: Monthly_Fee | M1: Support_Tickets | N1: Complaints | O1: Monthly_Usage_Hours | P1: Satisfaction_Score | Q1: Last_Login | R1: Churn_Date | S1: Churn_Status | T1: Primary_Product | U1: Temporary Customer_ID
A2: C01310 | B2: Meera Das | D2: North | E2: Delhi | F2: Standard | G2: Instagram | H2: 45019 | I2: 9 | J2: Monthly | K2: Upi | L2: 1757 | M2: 2 | N2: 0 | O2: 32 | P2: 3.6 | Q2: 45308 | R2: 16/06/2023 | S2: Churned | T2: Cloud Storage | U2: =COUNTIF($A$2:$A$1826, A2) -> 1 | V2: =TEXTJOIN("|",FALSE, A2:T2) -> C01310|Meera Das||North|Delhi|Standard|Instagram|4/3/2023|9|Monthly|Upi|1,757|2|0|32.00|3.6|1/17/2024|16/06/2023|Churned|Cloud Storage | W2: =COUNTIF($V$2:$V$1826, V2) -> 1 | X2: =IFERROR(__xludf.DUMMYFUNCTION("COUNTUNIQUE(FILTER($B$2:$B$1826,$A$2:$A$1826=A2))"),1.0) -> 1
A3: C00477 | B3: Rahul Das | C3: 40 | D3: North | E3: Jaipur | F3: Standard | G3: Facebook | H3: 45678 | I3: 27 | J3: Quarterly | K3: Upi | L3: 1283 | M3: 0 | N3: 2 | O3: 40.6 | P3: 4.4 | Q3: 45694 | S3: Active | T3: Cloud Storage | U3: =COUNTIF($A$2:$A$1826, A3) -> 1 | V3: =TEXTJOIN("|",FALSE, A3:T3) -> C00477|Rahul Das|40|North|Jaipur|Standard|Facebook|1/21/2025|27|Quarterly|Upi|1,283|0|2|40.60|4.4|2/6/2025||Active|Cloud Storage | W3: =COUNTIF($V$2:$V$1826, V3) -> 1 | X3: =IFERROR(__xludf.DUMMYFUNCTION("COUNTUNIQUE(FILTER($B$2:$B$1826,$A$2:$A$1826=A3))"),1.0) -> 1
A4: C01564 | B4: Priya Das | C4: 24 | D4: East | E4: Kolkata | F4: Basic | G4: Google Ads | H4: 45297 | I4: 23 | J4: Annual | K4: Credit Card | L4: 521 | M4: 2 | N4: 0 | O4: 14.3 | P4: 3.3 | Q4: 45856 | S4: Active | T4: Automation | U4: =COUNTIF($A$2:$A$1826, A4) -> 1 | V4: =TEXTJOIN("|",FALSE, A4:T4) -> C01564|Priya Das|24|East|Kolkata|Basic|Google Ads|1/6/2024|23|Annual|Credit Card|521|2|0|14.30|3.3|7/18/2025||Active|Automation | W4: =COUNTIF($V$2:$V$1826, V4) -> 1 | X4: =IFERROR(__xludf.DUMMYFUNCTION("COUNTUNIQUE(FILTER($B$2:$B$1826,$A$2:$A$1826=A4))"),1.0) -> 1
A5: C00741 | B5: Anita Patel | C5: 42 | D5: South | E5: Bengaluru | F5: Basic | G5: Instagram | H5: 45154 | I5: 6 | J5: Quarterly | K5: Upi | L5: 550 | M5: 1 | N5: 1 | O5: 9.9 | P5: 4 | Q5: 45280 | R5: 24/02/2024 | S5: Churned | T5: Collaboration | U5: =COUNTIF($A$2:$A$1826, A5) -> 1 | V5: =TEXTJOIN("|",FALSE, A5:T5) -> C00741|Anita Patel|42|South|Bengaluru|Basic|Instagram|8/16/2023|6|Quarterly|Upi|550|1|1|9.90|4|12/20/2023|24/02/2024|Churned|Collaboration | W5: =COUNTIF($V$2:$V$1826, V5) -> 1 | X5: =IFERROR(__xludf.DUMMYFUNCTION("COUNTUNIQUE(FILTER($B$2:$B$1826,$A$2:$A$1826=A5))"),1.0) -> 1
A6: C01438 | B6: Anita Kumar | C6: 33 | D6: North | E6: Jaipur | F6: Standard | G6: Instagram | H6: 44896 | I6: 30 | J6: Monthly | K6: Credit Card | L6: 1703 | M6: 1 | N6: 1 | O6: 28.5 | P6: 2.4 | Q6: 45130 | S6: Active | T6: Security | U6: =COUNTIF($A$2:$A$1826, A6) -> 3 | V6: =TEXTJOIN("|",FALSE, A6:T6) -> C01438|Anita Kumar|33|North|Jaipur|Standard|Instagram|12/1/2022|30|Monthly|Credit Card|1,703|1|1|28.50|2.4|7/23/2023||Active|Security | W6: =COUNTIF($V$2:$V$1826, V6) -> 1 | X6: =IFERROR(__xludf.DUMMYFUNCTION("COUNTUNIQUE(FILTER($B$2:$B$1826,$A$2:$A$1826=A6))"),3.0) -> 3
A7: C00549 | B7: Vikram Patel | C7: 34 | D7: North | E7: Jaipur | F7: Premium | G7: Organic Search | H7: 45206 | I7: 14 | J7: Annual | K7: Debit Card | L7: 2938 | M7: 2 | N7: 1 | O7: 33.2 | P7: 3.4 | Q7: 45289 | S7: Active | T7: Automation | U7: =COUNTIF($A$2:$A$1826, A7) -> 6 | V7: =TEXTJOIN("|",FALSE, A7:T7) -> C00549|Vikram Patel|34|North|Jaipur|Premium|Organic Search|10/7/2023|14|Annual|Debit Card|2,938|2|1|33.20|3.4|12/29/2023||Active|Automation | W7: =COUNTIF($V$2:$V$1826, V7) -> 1 | X7: =IFERROR(__xludf.DUMMYFUNCTION("COUNTUNIQUE(FILTER($B$2:$B$1826,$A$2:$A$1826=A7))"),6.0) -> 6
A8: C00539 | B8: Rahul Das | C8: 57 | D8: West | E8: Surat | F8: Basic | G8: Instagram | H8: 45605 | I8: 32 | J8: Monthly | K8: Credit Card | L8: 523 | M8: 2 | N8: 1 | O8: 16.2 | P8: 4.1 | Q8: 46257 | S8: Active | T8: Security | U8: =COUNTIF($A$2:$A$1826, A8) -> 2 | V8: =TEXTJOIN("|",FALSE, A8:T8) -> C00539|Rahul Das|57|West|Surat|Basic|Instagram|11/9/2024|32|Monthly|Credit Card|523|2|1|16.20|4.1|8/23/2026||Active|Security | W8: =COUNTIF($V$2:$V$1826, V8) -> 1 | X8: =IFERROR(__xludf.DUMMYFUNCTION("COUNTUNIQUE(FILTER($B$2:$B$1826,$A$2:$A$1826=A8))"),2.0) -> 2
A9: C01221 | B9: Anita Sharma | C9: 37 | D9: West | E9: Ahmedabad | F9: Premium | G9: Youtube | H9: 44585 | I9: 44 | J9: Quarterly | K9: Upi | L9: 3536 | M9: 0 | N9: 0 | O9: 43.9 | P9: 3.9 | Q9: 45141 | R9: 27/09/2025 | S9: Churned | T9: Security | U9: =COUNTIF($A$2:$A$1826, A9) -> 2 | V9: =TEXTJOIN("|",FALSE, A9:T9) -> C01221|Anita Sharma|37|West|Ahmedabad|Premium|Youtube|1/24/2022|44|Quarterly|Upi|3,536|0|0|43.90|3.9|8/3/2023|27/09/2025|Churned|Security | W9: =COUNTIF($V$2:$V$1826, V9) -> 1 | X9: =IFERROR(__xludf.DUMMYFUNCTION("COUNTUNIQUE(FILTER($B$2:$B$1826,$A$2:$A$1826=A9))"),2.0) -> 2
A10: C00007 | B10: Rahul Kumar | C10: 57 | D10: East | E10: Bhubaneswar | F10: Standard | G10: Google Ads | H10: 45842 | I10: 20 | J10: Quarterly | K10: Credit Card | L10: 1622 | M10: 1 | N10: 1 | O10: 27.1 | P10: 3.4 | Q10: 46008 | R10: 20/08/2026 | S10: Churned | T10: Analytics | U10: =COUNTIF($A$2:$A$1826, A10) -> 4 | V10: =TEXTJOIN("|",FALSE, A10:T10) -> C00007|Rahul Kumar|57|East|Bhubaneswar|Standard|Google Ads|7/4/2025|20|Quarterly|Credit Card|1,622|1|1|27.10|3.4|12/17/2025|20/08/2026|Churned|Analytics | W10: =COUNTIF($V$2:$V$1826, V10) -> 1 | X10: =IFERROR(__xludf.DUMMYFUNCTION("COUNTUNIQUE(FILTER($B$2:$B$1826,$A$2:$A$1826=A10))"),4.0) -> 4
A11: C00230 | B11: Rahul Patel | C11: 61 | D11: East | E11: Patna | F11: Basic | G11: Instagram | H11: 45723 | I11: 6 | J11: Quarterly | K11: Debit Card | L11: 747 | M11: 1 | N11: 0 | O11: 20.7 | P11: 2.1 | Q11: 45869 | S11: Active | T11: Cloud Storage | U11: =COUNTIF($A$2:$A$1826, A11) -> 3 | V11: =TEXTJOIN("|",FALSE, A11:T11) -> C00230|Rahul Patel|61|East|Patna|Basic|Instagram|3/7/2025|6|Quarterly|Debit Card|747|1|0|20.70|2.1|7/31/2025||Active|Cloud Storage | W11: =COUNTIF($V$2:$V$1826, V11) -> 1 | X11: =IFERROR(__xludf.DUMMYFUNCTION("COUNTUNIQUE(FILTER($B$2:$B$1826,$A$2:$A$1826=A11))"),3.0) -> 3
A12: C00543 | B12: Sneha Nair | C12: 26 | D12: West | E12: Pune | F12: Premium | G12: Youtube | H12: 45974 | I12: 13 | J12: Monthly | K12: Upi | L12: 3329 | M12: 2 | N12: 0 | O12: 42.7 | P12: 4.5 | Q12: 46175 | S12: Active | T12: Analytics | U12: =COUNTIF($A$2:$A$1826, A12) -> 5 | V12: =TEXTJOIN("|",FALSE, A12:T12) -> C00543|Sneha Nair|26|West|Pune|Premium|Youtube|11/13/2025|13|Monthly|Upi|3,329|2|0|42.70|4.5|6/2/2026||Active|Analytics | W12: =COUNTIF($V$2:$V$1826, V12) -> 1 | X12: =IFERROR(__xludf.DUMMYFUNCTION("COUNTUNIQUE(FILTER($B$2:$B$1826,$A$2:$A$1826=A12))"),5.0) -> 5
A13: C00693 | B13: Anita Sharma | C13: 51 | D13: North | E13: Jaipur | F13: Standard | G13: Google Ads | H13: 44707 | I13: 46 | J13: Monthly | K13: Credit Card | L13: 1068 | M13: 0 | N13: 0 | O13: 15.9 | P13: 4.7 | Q13: 44781 | S13: Active | T13: Security | U13: =COUNTIF($A$2:$A$1826, A13) -> 3 | V13: =TEXTJOIN("|",FALSE, A13:T13) -> C00693|Anita Sharma|51|North|Jaipur|Standard|Google Ads|5/26/2022|46|Monthly|Credit Card|1,068|0|0|15.90|4.7|8/8/2022||Active|Security | W13: =COUNTIF($V$2:$V$1826, V13) -> 1 | X13: =IFERROR(__xludf.DUMMYFUNCTION("COUNTUNIQUE(FILTER($B$2:$B$1826,$A$2:$A$1826=A13))"),3.0) -> 3
A14: C00439 | B14: Karan Nair | C14: 65 | D14: South | E14: Kochi | F14: Basic | G14: Email | H14: 45395 | I14: 13 | J14: Monthly | K14: Debit Card | L14: 836 | M14: 3 | N14: 2 | O14: 27.4 | Q14: 45621 | S14: Active | T14: Analytics | U14: =COUNTIF($A$2:$A$1826, A14) -> 1 | V14: =TEXTJOIN("|",FALSE, A14:T14) -> C00439|Karan Nair|65|South|Kochi|Basic|Email|4/13/2024|13|Monthly|Debit Card|836|3|2|27.40||11/25/2024||Active|Analytics | W14: =COUNTIF($V$2:$V$1826, V14) -> 1 | X14: =IFERROR(__xludf.DUMMYFUNCTION("COUNTUNIQUE(FILTER($B$2:$B$1826,$A$2:$A$1826=A14))"),1.0) -> 1
A15: C00125 | B15: Vikram Nair | C15: 34 | D15: West | E15: Ahmedabad | F15: Standard | G15: Google Ads | H15: 45071 | I15: 13 | J15: Monthly | K15: Credit Card | L15: 1142 | M15: 2 | N15: 0 | O15: 27.7 | P15: 5 | Q15: 45174 | S15: Active | T15: Automation | U15: =COUNTIF($A$2:$A$1826, A15) -> 2 | V15: =TEXTJOIN("|",FALSE, A15:T15) -> C00125|Vikram Nair|34|West|Ahmedabad|Standard|Google Ads|5/25/2023|13|Monthly|Credit Card|1,142|2|0|27.70|5|9/5/2023||Active|Automation | W15: =COUNTIF($V$2:$V$1826, V15) -> 1 | X15: =IFERROR(__xludf.DUMMYFUNCTION("COUNTUNIQUE(FILTER($B$2:$B$1826,$A$2:$A$1826=A15))"),2.0) -> 2
A16: C00201 | B16: Arun Patel | C16: 43 | D16: North | E16: Delhi | F16: Premium | G16: Youtube | H16: 45046 | I16: 11 | J16: Monthly | K16: Credit Card | L16: 3769 | M16: 3 | N16: 1 | O16: 38.7 | P16: 3.4 | Q16: 45261 | S16: Active | T16: Collaboration | U16: =COUNTIF($A$2:$A$1826, A16) -> 1 | V16: =TEXTJOIN("|",FALSE, A16:T16) -> C00201|Arun Patel|43|North|Delhi|Premium|Youtube|4/30/2023|11|Monthly|Credit Card|3,769|3|1|38.70|3.4|12/1/2023||Active|Collaboration | W16: =COUNTIF($V$2:$V$1826, V16) -> 1 | X16: =IFERROR(__xludf.DUMMYFUNCTION("COUNTUNIQUE(FILTER($B$2:$B$1826,$A$2:$A$1826=A16))"),1.0) -> 1
A17: C00932 | B17: Arun Kumar | C17: 66 | D17: East | E17: Guwahati | F17: Standard | G17: Facebook | H17: 45700 | I17: 43 | J17: Quarterly | K17: Upi | L17: 1193 | M17: 5 | N17: 3 | O17: 21.5 | P17: 3.2 | Q17: 46155 | S17: Active | T17: Analytics | U17: =COUNTIF($A$2:$A$1826, A17) -> 2 | V17: =TEXTJOIN("|",FALSE, A17:T17) -> C00932|Arun Kumar|66|East|Guwahati|Standard|Facebook|2/12/2025|43|Quarterly|Upi|1,193|5|3|21.50|3.2|5/13/2026||Active|Analytics | W17: =COUNTIF($V$2:$V$1826, V17) -> 1 | X17: =IFERROR(__xludf.DUMMYFUNCTION("COUNTUNIQUE(FILTER($B$2:$B$1826,$A$2:$A$1826=A17))"),2.0) -> 2
A18: C01197 | B18: Karan Sharma | C18: 55 | D18: West | E18: Pune | F18: Basic | G18: Organic Search | H18: 44726 | I18: 12 | J18: Monthly | K18: Debit Card | L18: 533 | M18: 1 | N18: 2 | O18: 12.4 | P18: 3.4 | Q18: 44856 | S18: Active | T18: Automation | U18: =COUNTIF($A$2:$A$1826, A18) -> 1 | V18: =TEXTJOIN("|",FALSE, A18:T18) -> C01197|Karan Sharma|55|West|Pune|Basic|Organic Search|6/14/2022|12|Monthly|Debit Card|533|1|2|12.40|3.4|10/22/2022||Active|Automation | W18: =COUNTIF($V$2:$V$1826, V18) -> 1 | X18: =IFERROR(__xludf.DUMMYFUNCTION("COUNTUNIQUE(FILTER($B$2:$B$1826,$A$2:$A$1826=A18))"),1.0) -> 1
A19: C00082 | B19: Vikram Das | C19: 27 | D19: North | E19: Lucknow | F19: Standard | G19: Organic Search | H19: 45632 | I19: 21 | J19: Annual | K19: Debit Card | L19: 1684 | M19: 1 | N19: 0 | O19: 6.8 | P19: 4 | Q19: 45963 | R19: 45817 | S19: Churned | T19: Collaboration | U19: =COUNTIF($A$2:$A$1826, A19) -> 2 | V19: =TEXTJOIN("|",FALSE, A19:T19) -> C00082|Vikram Das|27|North|Lucknow|Standard|Organic Search|12/6/2024|21|Annual|Debit Card|1,684|1|0|6.80|4|11/2/2025|6/9/2025|Churned|Collaboration | W19: =COUNTIF($V$2:$V$1826, V19) -> 1 | X19: =IFERROR(__xludf.DUMMYFUNCTION("COUNTUNIQUE(FILTER($B$2:$B$1826,$A$2:$A$1826=A19))"),2.0) -> 2
A20: C00937 | B20: Anita Sharma | C20: 34 | D20: East | E20: Kolkata | F20: Basic | G20: Organic Search | H20: 45715 | I20: 7 | J20: Quarterly | K20: Credit Card | L20: 608 | M20: 2 | N20: 2 | O20: 16.7 | P20: 4.1 | Q20: 45758 | S20: Active | T20: Cloud Storage | U20: =COUNTIF($A$2:$A$1826, A20) -> 1 | V20: =TEXTJOIN("|",FALSE, A20:T20) -> C00937|Anita Sharma|34|East|Kolkata|Basic|Organic Search|2/27/2025|7|Quarterly|Credit Card|608|2|2|16.70|4.1|4/11/2025||Active|Cloud Storage | W20: =COUNTIF($V$2:$V$1826, V20) -> 1 | X20: =IFERROR(__xludf.DUMMYFUNCTION("COUNTUNIQUE(FILTER($B$2:$B$1826,$A$2:$A$1826=A20))"),1.0) -> 1
A21: C00898 | B21: Ravi Patel | C21: 36 | D21: East | E21: Kolkata | F21: Standard | G21: Organic Search | H21: 45175 | I21: 43 | J21: Monthly | K21: Debit Card | L21: 1269 | M21: 1 | N21: 1 | O21: 12.6 | P21: 3.7 | Q21: 45404 | S21: Active | T21: Cloud Storage | U21: =COUNTIF($A$2:$A$1826, A21) -> 1 | V21: =TEXTJOIN("|",FALSE, A21:T21) -> C00898|Ravi Patel|36|East|Kolkata|Standard|Organic Search|9/6/2023|43|Monthly|Debit Card|1,269|1|1|12.60|3.7|4/22/2024||Active|Cloud Storage | W21: =COUNTIF($V$2:$V$1826, V21) -> 1 | X21: =IFERROR(__xludf.DUMMYFUNCTION("COUNTUNIQUE(FILTER($B$2:$B$1826,$A$2:$A$1826=A21))"),1.0) -> 1
A22: C01470 | B22: Vikram Kumar | C22: 19 | D22: East | E22: Bhubaneswar | F22: Standard | G22: Youtube | H22: 45102 | I22: 33 | J22: Quarterly | K22: Upi | L22: 1093 | M22: 1 | N22: 1 | O22: 26.5 | P22: 4 | Q22: 45545 | S22: Active | T22: Collaboration | U22: =COUNTIF($A$2:$A$1826, A22) -> 1 | V22: =TEXTJOIN("|",FALSE, A22:T22) -> C01470|Vikram Kumar|19|East|Bhubaneswar|Standard|Youtube|6/25/2023|33|Quarterly|Upi|1,093|1|1|26.50|4|9/10/2024||Active|Collaboration | W22: =COUNTIF($V$2:$V$1826, V22) -> 1 | X22: =IFERROR(__xludf.DUMMYFUNCTION("COUNTUNIQUE(FILTER($B$2:$B$1826,$A$2:$A$1826=A22))"),1.0) -> 1
A23: C00331 | B23: Ravi Patel | C23: 46 | D23: West | E23: Surat | F23: Standard | G23: Google Ads | H23: 44716 | I23: 45 | J23: Monthly | K23: Upi | L23: 1035 | M23: 2 | N23: 2 | O23: 37.1 | P23: 4.4 | Q23: 45482 | R23: 45879 | S23: Churned | T23: Collaboration | U23: =COUNTIF($A$2:$A$1826, A23) -> 1 | V23: =TEXTJOIN("|",FALSE, A23:T23) -> C00331|Ravi Patel|46|West|Surat|Standard|Google Ads|6/4/2022|45|Monthly|Upi|1,035|2|2|37.10|4.4|7/9/2024|8/10/2025|Churned|Collaboration | W23: =COUNTIF($V$2:$V$1826, V23) -> 1 | X23: =IFERROR(__xludf.DUMMYFUNCTION("COUNTUNIQUE(FILTER($B$2:$B$1826,$A$2:$A$1826=A23))"),1.0) -> 1
A24: C00747 | B24: Rahul Singh | C24: 29 | D24: North | E24: Chandigarh | F24: Basic | G24: Instagram | H24: 45927 | I24: 7 | J24: Monthly | K24: Credit Card | L24: 785 | M24: 0 | N24: 2 | O24: 10.1 | P24: 3.2 | Q24: 46095 | S24: Active | T24: Analytics | U24: =COUNTIF($A$2:$A$1826, A24) -> 1 | V24: =TEXTJOIN("|",FALSE, A24:T24) -> C00747|Rahul Singh|29|North|Chandigarh|Basic|Instagram|9/27/2025|7|Monthly|Credit Card|785|0|2|10.10|3.2|3/14/2026||Active|Analytics | W24: =COUNTIF($V$2:$V$1826, V24) -> 1 | X24: =IFERROR(__xludf.DUMMYFUNCTION("COUNTUNIQUE(FILTER($B$2:$B$1826,$A$2:$A$1826=A24))"),1.0) -> 1
A25: C00368 | B25: Sneha Singh | C25: 31 | D25: East | E25: Guwahati | F25: Standard | G25: Youtube | H25: 45070 | I25: 18 | J25: Quarterly | K25: Credit Card | L25: 1109 | M25: 1 | N25: 1 | O25: 15.6 | P25: 3.8 | Q25: 45119 | S25: Active | T25: Collaboration | U25: =COUNTIF($A$2:$A$1826, A25) -> 2 | V25: =TEXTJOIN("|",FALSE, A25:T25) -> C00368|Sneha Singh|31|East|Guwahati|Standard|Youtube|5/24/2023|18|Quarterly|Credit Card|1,109|1|1|15.60|3.8|7/12/2023||Active|Collaboration | W25: =COUNTIF($V$2:$V$1826, V25) -> 1 | X25: =IFERROR(__xludf.DUMMYFUNCTION("COUNTUNIQUE(FILTER($B$2:$B$1826,$A$2:$A$1826=A25))"),2.0) -> 2
A26: C00467 | B26: Ravi Reddy | C26: 20 | D26: South | E26: Bengaluru | F26: Standard | G26: Email | H26: 45234 | I26: 18 | J26: Monthly | K26: Credit Card | L26: 1284 | M26: 4 | N26: 1 | O26: 21.7 | P26: 3.4 | Q26: 45765 | R26: 16/01/2025 | S26: Churned | T26: Cloud Storage | U26: =COUNTIF($A$2:$A$1826, A26) -> 2 | V26: =TEXTJOIN("|",FALSE, A26:T26) -> C00467|Ravi Reddy|20|South|Bengaluru|Standard|Email|11/4/2023|18|Monthly|Credit Card|1,284|4|1|21.70|3.4|4/18/2025|16/01/2025|Churned|Cloud Storage | W26: =COUNTIF($V$2:$V$1826, V26) -> 1 | X26: =IFERROR(__xludf.DUMMYFUNCTION("COUNTUNIQUE(FILTER($B$2:$B$1826,$A$2:$A$1826=A26))"),2.0) -> 2
A27: C01190 | B27: Meera Singh | C27: 35 | D27: East | E27: Kolkata | F27: Basic | G27: Email | H27: 45269 | I27: 47 | J27: Monthly | K27: Debit Card | L27: 722 | N27: 4 | O27: 15.4 | P27: 3.5 | Q27: 45515 | R27: 46176 | S27: Churned | T27: Security | U27: =COUNTIF($A$2:$A$1826, A27) -> 3 | V27: =TEXTJOIN("|",FALSE, A27:T27) -> C01190|Meera Singh|35|East|Kolkata|Basic|Email|12/9/2023|47|Monthly|Debit Card|722||4|15.40|3.5|8/11/2024|6/3/2026|Churned|Security | W27: =COUNTIF($V$2:$V$1826, V27) -> 1 | X27: =IFERROR(__xludf.DUMMYFUNCTION("COUNTUNIQUE(FILTER($B$2:$B$1826,$A$2:$A$1826=A27))"),3.0) -> 3
A28: C00004 | B28: Ravi Iyer | C28: 61 | D28: South | E28: Hyderabad | F28: Basic | G28: Facebook | H28: 45238 | I28: 40 | J28: Quarterly | K28: Credit Card | L28: 562 | M28: 0 | N28: 0 | O28: 19.8 | P28: 4.5 | Q28: 45863 | S28: Active | T28: Security | U28: =COUNTIF($A$2:$A$1826, A28) -> 1 | V28: =TEXTJOIN("|",FALSE, A28:T28) -> C00004|Ravi Iyer|61|South|Hyderabad|Basic|Facebook|11/8/2023|40|Quarterly|Credit Card|562|0|0|19.80|4.5|7/25/2025||Active|Security | W28: =COUNTIF($V$2:$V$1826, V28) -> 1 | X28: =IFERROR(__xludf.DUMMYFUNCTION("COUNTUNIQUE(FILTER($B$2:$B$1826,$A$2:$A$1826=A28))"),1.0) -> 1
A29: C01428 | B29: Ravi Kumar | C29: 38 | D29: East | E29: Bhubaneswar | F29: Basic | G29: Facebook | H29: 45338 | I29: 44 | J29: Quarterly | K29: Upi | L29: 588 | M29: 2 | N29: 1 | O29: 19.4 | P29: 2.6 | Q29: 45964 | R29: 26/06/2026 | S29: Churned | T29: Security | U29: =COUNTIF($A$2:$A$1826, A29) -> 2 | V29: =TEXTJOIN("|",FALSE, A29:T29) -> C01428|Ravi Kumar|38|East|Bhubaneswar|Basic|Facebook|2/16/2024|44|Quarterly|Upi|588|2|1|19.40|2.6|11/3/2025|26/06/2026|Churned|Security | W29: =COUNTIF($V$2:$V$1826, V29) -> 1 | X29: =IFERROR(__xludf.DUMMYFUNCTION("COUNTUNIQUE(FILTER($B$2:$B$1826,$A$2:$A$1826=A29))"),2.0) -> 2
A30: C01188 | B30: Vikram Reddy | C30: 24 | D30: East | E30: Guwahati | F30: Basic | G30: Facebook | H30: 44999 | I30: 33 | J30: Quarterly | K30: Debit Card | L30: 875 | M30: 4 | N30: 0 | O30: 27.3 | P30: 3 | Q30: 45095 | S30: Active | T30: Collaboration | U30: =COUNTIF($A$2:$A$1826, A30) -> 2 | V30: =TEXTJOIN("|",FALSE, A30:T30) -> C01188|Vikram Reddy|24|East|Guwahati|Basic|Facebook|3/14/2023|33|Quarterly|Debit Card|875|4|0|27.30|3|6/18/2023||Active|Collaboration | W30: =COUNTIF($V$2:$V$1826, V30) -> 1 | X30: =IFERROR(__xludf.DUMMYFUNCTION("COUNTUNIQUE(FILTER($B$2:$B$1826,$A$2:$A$1826=A30))"),2.0) -> 2
A31: C00461 | B31: Karan Nair | C31: 44 | D31: South | E31: Chennai | F31: Basic | G31: Instagram | H31: 45535 | I31: 40 | J31: Monthly | K31: Upi | L31: 536 | M31: 5 | N31: 1 | O31: 10.9 | P31: 3 | Q31: 46723 | R31: 45699 | S31: Churned | T31: Analytics | U31: =COUNTIF($A$2:$A$1826, A31) -> 2 | V31: =TEXTJOIN("|",FALSE, A31:T31) -> C00461|Karan Nair|44|South|Chennai|Basic|Instagram|8/31/2024|40|Monthly|Upi|536|5|1|10.90|3|12/2/2027|2/11/2025|Churned|Analytics | W31: =COUNTIF($V$2:$V$1826, V31) -> 1 | X31: =IFERROR(__xludf.DUMMYFUNCTION("COUNTUNIQUE(FILTER($B$2:$B$1826,$A$2:$A$1826=A31))"),2.0) -> 2
A32: C01538 | B32: Sneha Patel | C32: 48 | D32: North | E32: Lucknow | F32: Basic | G32: Youtube | H32: 45987 | I32: 34 | J32: Annual | K32: Debit Card | L32: 784 | M32: 1 | N32: 1 | O32: 23 | P32: 2.9 | Q32: 46245 | S32: Active | T32: Automation | U32: =COUNTIF($A$2:$A$1826, A32) -> 1 | V32: =TEXTJOIN("|",FALSE, A32:T32) -> C01538|Sneha Patel|48|North|Lucknow|Basic|Youtube|11/26/2025|34|Annual|Debit Card|784|1|1|23.00|2.9|8/11/2026||Active|Automation | W32: =COUNTIF($V$2:$V$1826, V32) -> 1 | X32: =IFERROR(__xludf.DUMMYFUNCTION("COUNTUNIQUE(FILTER($B$2:$B$1826,$A$2:$A$1826=A32))"),1.0) -> 1
A33: C01220 | B33: Sneha Nair | C33: 35 | D33: East | E33: Guwahati | F33: Standard | G33: Facebook | H33: 45595 | I33: 28 | J33: Monthly | K33: Debit Card | L33: 1455 | M33: 0 | N33: 4 | O33: 26.2 | P33: 4.3 | Q33: 45767 | R33: 30/12/2026 | S33: Churned | T33: Collaboration | U33: =COUNTIF($A$2:$A$1826, A33) -> 3 | V33: =TEXTJOIN("|",FALSE, A33:T33) -> C01220|Sneha Nair|35|East|Guwahati|Standard|Facebook|10/30/2024|28|Monthly|Debit Card|1,455|0|4|26.20|4.3|4/20/2025|30/12/2026|Churned|Collaboration | W33: =COUNTIF($V$2:$V$1826, V33) -> 1 | X33: =IFERROR(__xludf.DUMMYFUNCTION("COUNTUNIQUE(FILTER($B$2:$B$1826,$A$2:$A$1826=A33))"),3.0) -> 3
A34: C01569 | B34: Rahul Singh | C34: 43 | D34: West | E34: Pune | F34: Basic | G34: Google Ads | H34: 45147 | I34: 16 | J34: Annual | K34: Upi | L34: 662 | M34: 2 | N34: 2 | O34: 11.2 | P34: 2.3 | Q34: 45227 | S34: Active | T34: Cloud Storage | U34: =COUNTIF($A$2:$A$1826, A34) -> 4 | V34: =TEXTJOIN("|",FALSE, A34:T34) -> C01569|Rahul Singh|43|West|Pune|Basic|Google Ads|8/9/2023|16|Annual|Upi|662|2|2|11.20|2.3|10/28/2023||Active|Cloud Storage | W34: =COUNTIF($V$2:$V$1826, V34) -> 1 | X34: =IFERROR(__xludf.DUMMYFUNCTION("COUNTUNIQUE(FILTER($B$2:$B$1826,$A$2:$A$1826=A34))"),4.0) -> 4
A35: C00132 | B35: Meera Das | C35: 49 | D35: West | E35: Surat | F35: Basic | G35: Email | H35: 45413 | I35: 4 | J35: Monthly | K35: Credit Card | L35: 714 | M35: 2 | N35: 2 | O35: 10.9 | P35: 3.8 | Q35: 45428 | S35: Active | T35: Collaboration | U35: =COUNTIF($A$2:$A$1826, A35) -> 2 | V35: =TEXTJOIN("|",FALSE, A35:T35) -> C00132|Meera Das|49|West|Surat|Basic|Email|5/1/2024|4|Monthly|Credit Card|714|2|2|10.90|3.8|5/16/2024||Active|Collaboration | W35: =COUNTIF($V$2:$V$1826, V35) -> 1 | X35: =IFERROR(__xludf.DUMMYFUNCTION("COUNTUNIQUE(FILTER($B$2:$B$1826,$A$2:$A$1826=A35))"),2.0) -> 2
A36: C01544 | B36: Arun Das | C36: 40 | D36: West | E36: Surat | F36: Standard | G36: Facebook | H36: 45680 | I36: 39 | J36: Annual | K36: Debit Card | L36: 1223 | M36: 1 | N36: 4 | O36: 36.7 | P36: 4.6 | Q36: 46582 | R36: 13/11/2027 | S36: Churned | T36: Security | U36: =COUNTIF($A$2:$A$1826, A36) -> 2 | V36: =TEXTJOIN("|",FALSE, A36:T36) -> C01544|Arun Das|40|West|Surat|Standard|Facebook|1/23/2025|39|Annual|Debit Card|1,223|1|4|36.70|4.6|7/14/2027|13/11/2027|Churned|Security | W36: =COUNTIF($V$2:$V$1826, V36) -> 1 | X36: =IFERROR(__xludf.DUMMYFUNCTION("COUNTUNIQUE(FILTER($B$2:$B$1826,$A$2:$A$1826=A36))"),2.0) -> 2
A37: C01484 | B37: Karan Patel | C37: 48 | D37: South | E37: Kochi | F37: Premium | G37: Organic Search | H37: 45655 | I37: 2 | J37: Monthly | K37: Upi | L37: 3356 | M37: 4 | N37: 1 | O37: 49.5 | P37: 3.7 | Q37: 45668 | R37: 45690 | S37: Churned | T37: Collaboration | U37: =COUNTIF($A$2:$A$1826, A37) -> 3 | V37: =TEXTJOIN("|",FALSE, A37:T37) -> C01484|Karan Patel|48|South|Kochi|Premium|Organic Search|12/29/2024|2|Monthly|Upi|3,356|4|1|49.50|3.7|1/11/2025|2/2/2025|Churned|Collaboration | W37: =COUNTIF($V$2:$V$1826, V37) -> 1 | X37: =IFERROR(__xludf.DUMMYFUNCTION("COUNTUNIQUE(FILTER($B$2:$B$1826,$A$2:$A$1826=A37))"),3.0) -> 3
A38: C00777 | B38: Arun Kumar | C38: 41 | D38: East | E38: Bhubaneswar | F38: Standard | G38: Referral | H38: 45338 | I38: 18 | J38: Monthly | K38: Debit Card | L38: 1257 | M38: 2 | N38: 1 | O38: 24.1 | P38: 3.8 | Q38: 45431 | R38: 45968 | S38: Churned | T38: Analytics | U38: =COUNTIF($A$2:$A$1826, A38) -> 2 | V38: =TEXTJOIN("|",FALSE, A38:T38) -> C00777|Arun Kumar|41|East|Bhubaneswar|Standard|Referral|2/16/2024|18|Monthly|Debit Card|1,257|2|1|24.10|3.8|5/19/2024|11/7/2025|Churned|Analytics | W38: =COUNTIF($V$2:$V$1826, V38) -> 1 | X38: =IFERROR(__xludf.DUMMYFUNCTION("COUNTUNIQUE(FILTER($B$2:$B$1826,$A$2:$A$1826=A38))"),2.0) -> 2
A39: C01600 | B39: Meera Singh | C39: 48 | D39: North | E39: Delhi | F39: Premium | G39: Instagram | H39: 44603 | I39: 40 | J39: Annual | K39: Credit Card | L39: 3370 | M39: 2 | N39: 1 | O39: 30.9 | P39: 3.4 | Q39: 44847 | S39: Active | T39: Collaboration | U39: =COUNTIF($A$2:$A$1826, A39) -> 1 | V39: =TEXTJOIN("|",FALSE, A39:T39) -> C01600|Meera Singh|48|North|Delhi|Premium|Instagram|2/11/2022|40|Annual|Credit Card|3,370|2|1|30.90|3.4|10/13/2022||Active|Collaboration | W39: =COUNTIF($V$2:$V$1826, V39) -> 1 | X39: =IFERROR(__xludf.DUMMYFUNCTION("COUNTUNIQUE(FILTER($B$2:$B$1826,$A$2:$A$1826=A39))"),1.0) -> 1
A40: C00344 | B40: Neha Sharma | C40: 56 | D40: North | E40: Jaipur | F40: Premium | G40: Google Ads | H40: 45747 | I40: 2 | J40: Annual | K40: Debit Card | L40: 3858 | M40: 4 | N40: 0 | O40: 38.4 | P40: 3.1 | Q40: 45805 | R40: 25/05/2025 | S40: Churned | T40: Cloud Storage | U40: =COUNTIF($A$2:$A$1826, A40) -> 2 | V40: =TEXTJOIN("|",FALSE, A40:T40) -> C00344|Neha Sharma|56|North|Jaipur|Premium|Google Ads|3/31/2025|2|Annual|Debit Card|3,858|4|0|38.40|3.1|5/28/2025|25/05/2025|Churned|Cloud Storage | W40: =COUNTIF($V$2:$V$1826, V40) -> 1 | X40: =IFERROR(__xludf.DUMMYFUNCTION("COUNTUNIQUE(FILTER($B$2:$B$1826,$A$2:$A$1826=A40))"),2.0) -> 2
A41: C00209 | B41: Anita Kumar | C41: 45 | D41: East | E41: Kolkata | F41: Standard | G41: Organic Search | H41: 44646 | I41: 23 | J41: Quarterly | K41: Upi | L41: 1378 | M41: 1 | N41: 0 | O41: 22.7 | P41: 4.5 | Q41: 45174 | S41: Active | T41: Security | U41: =COUNTIF($A$2:$A$1826, A41) -> 2 | V41: =TEXTJOIN("|",FALSE, A41:T41) -> C00209|Anita Kumar|45|East|Kolkata|Standard|Organic Search|3/26/2022|23|Quarterly|Upi|1,378|1|0|22.70|4.5|9/5/2023||Active|Security | W41: =COUNTIF($V$2:$V$1826, V41) -> 1 | X41: =IFERROR(__xludf.DUMMYFUNCTION("COUNTUNIQUE(FILTER($B$2:$B$1826,$A$2:$A$1826=A41))"),2.0) -> 2
A42: C00742 | B42: Karan Iyer | C42: 39 | D42: West | E42: Pune | F42: Basic | G42: Facebook | H42: 45630 | I42: 42 | J42: Monthly | K42: Upi | L42: 774 | M42: 1 | N42: 0 | O42: 11.8 | P42: 5 | Q42: 46592 | S42: Active | T42: Collaboration | U42: =COUNTIF($A$2:$A$1826, A42) -> 2 | V42: =TEXTJOIN("|",FALSE, A42:T42) -> C00742|Karan Iyer|39|West|Pune|Basic|Facebook|12/4/2024|42|Monthly|Upi|774|1|0|11.80|5|7/24/2027||Active|Collaboration | W42: =COUNTIF($V$2:$V$1826, V42) -> 1 | X42: =IFERROR(__xludf.DUMMYFUNCTION("COUNTUNIQUE(FILTER($B$2:$B$1826,$A$2:$A$1826=A42))"),2.0) -> 2
A43: C00924 | B43: Anita Iyer | C43: 40 | D43: South | E43: Kochi | F43: Standard | G43: Facebook | H43: 45338 | I43: 22 | J43: Quarterly | K43: Debit Card | L43: 1185 | M43: 3 | N43: 1 | O43: 42.1 | P43: 4.1 | Q43: 45565 | S43: Active | T43: Collaboration | U43: =COUNTIF($A$2:$A$1826, A43) -> 2 | V43: =TEXTJOIN("|",FALSE, A43:T43) -> C00924|Anita Iyer|40|South|Kochi|Standard|Facebook|2/16/2024|22|Quarterly|Debit Card|1,185|3|1|42.10|4.1|9/30/2024||Active|Collaboration | W43: =COUNTIF($V$2:$V$1826, V43) -> 1 | X43: =IFERROR(__xludf.DUMMYFUNCTION("COUNTUNIQUE(FILTER($B$2:$B$1826,$A$2:$A$1826=A43))"),2.0) -> 2
A44: C01139 | B44: Sneha Nair | C44: 20 | D44: North | E44: Jaipur | F44: Basic | G44: Facebook | H44: 45394 | I44: 32 | J44: Monthly | K44: Credit Card | L44: 622 | M44: 2 | N44: 0 | O44: 5.8 | P44: 3.3 | Q44: 46065 | S44: Active | T44: Cloud Storage | U44: =COUNTIF($A$2:$A$1826, A44) -> 5 | V44: =TEXTJOIN("|",FALSE, A44:T44) -> C01139|Sneha Nair|20|North|Jaipur|Basic|Facebook|4/12/2024|32|Monthly|Credit Card|622|2|0|5.80|3.3|2/12/2026||Active|Cloud Storage | W44: =COUNTIF($V$2:$V$1826, V44) -> 1 | X44: =IFERROR(__xludf.DUMMYFUNCTION("COUNTUNIQUE(FILTER($B$2:$B$1826,$A$2:$A$1826=A44))"),5.0) -> 5
A45: C00829 | B45: Anita Nair | C45: 36 | D45: South | E45: Hyderabad | F45: Standard | G45: Referral | H45: 45531 | I45: 36 | J45: Quarterly | K45: Credit Card | L45: 1762 | M45: 1 | N45: 1 | O45: 31.6 | P45: 4.4 | Q45: 46218 | S45: Yes | T45: Cloud Storage | U45: =COUNTIF($A$2:$A$1826, A45) -> 1 | V45: =TEXTJOIN("|",FALSE, A45:T45) -> C00829|Anita Nair|36|South|Hyderabad|Standard|Referral|8/27/2024|36|Quarterly|Credit Card|1,762|1|1|31.60|4.4|7/15/2026||Yes|Cloud Storage | W45: =COUNTIF($V$2:$V$1826, V45) -> 1 | X45: =IFERROR(__xludf.DUMMYFUNCTION("COUNTUNIQUE(FILTER($B$2:$B$1826,$A$2:$A$1826=A45))"),1.0) -> 1
A46: C00248 | B46: Meera Iyer | C46: 25 | D46: South | E46: Hyderabad | F46: Basic | G46: Organic Search | H46: 45975 | I46: 12 | J46: Monthly | K46: Debit Card | L46: 877 | M46: 3 | N46: 1 | O46: 16 | P46: 2.6 | Q46: 46355 | S46: Active | T46: Cloud Storage | U46: =COUNTIF($A$2:$A$1826, A46) -> 3 | V46: =TEXTJOIN("|",FALSE, A46:T46) -> C00248|Meera Iyer|25|South|Hyderabad|Basic|Organic Search|11/14/2025|12|Monthly|Debit Card|877|3|1|16.00|2.6|11/29/2026||Active|Cloud Storage | W46: =COUNTIF($V$2:$V$1826, V46) -> 1 | X46: =IFERROR(__xludf.DUMMYFUNCTION("COUNTUNIQUE(FILTER($B$2:$B$1826,$A$2:$A$1826=A46))"),2.0) -> 2
A47: C00740 | B47: Sneha Sharma | C47: 19 | D47: South | E47: Hyderabad | F47: Basic | G47: Organic Search | H47: 44821 | I47: 18 | J47: Annual | K47: Credit Card | L47: 526 | M47: 1 | N47: 0 | O47: 27.3 | P47: 3.7 | Q47: 44960 | S47: Active | T47: Security | U47: =COUNTIF($A$2:$A$1826, A47) -> 3 | V47: =TEXTJOIN("|",FALSE, A47:T47) -> C00740|Sneha Sharma|19|South|Hyderabad|Basic|Organic Search|9/17/2022|18|Annual|Credit Card|526|1|0|27.30|3.7|2/3/2023||Active|Security | W47: =COUNTIF($V$2:$V$1826, V47) -> 1 | X47: =IFERROR(__xludf.DUMMYFUNCTION("COUNTUNIQUE(FILTER($B$2:$B$1826,$A$2:$A$1826=A47))"),3.0) -> 3
A48: C00981 | B48: Meera Kumar | C48: 28 | D48: West | E48: Ahmedabad | F48: Basic | G48: Google Ads | H48: 45079 | I48: 31 | J48: Monthly | K48: Debit Card | L48: 532 | M48: 3 | N48: 1 | O48: 16.4 | P48: 3.8 | Q48: 45164 | S48: Active | T48: Collaboration | U48: =COUNTIF($A$2:$A$1826, A48) -> 4 | V48: =TEXTJOIN("|",FALSE, A48:T48) -> C00981|Meera Kumar|28|West|Ahmedabad|Basic|Google Ads|6/2/2023|31|Monthly|Debit Card|532|3|1|16.40|3.8|8/26/2023||Active|Collaboration | W48: =COUNTIF($V$2:$V$1826, V48) -> 1 | X48: =IFERROR(__xludf.DUMMYFUNCTION("COUNTUNIQUE(FILTER($B$2:$B$1826,$A$2:$A$1826=A48))"),4.0) -> 4
A49: C00175 | B49: Sneha Iyer | C49: 56 | D49: South | E49: Bengaluru | F49: Standard | G49: Email | H49: 45803 | I49: 39 | J49: Quarterly | K49: Credit Card | L49: 1793 | M49: 3 | N49: 0 | O49: 33.5 | P49: 3.8 | Q49: 46592 | R49: 46813 | S49: Churned | T49: Automation | U49: =COUNTIF($A$2:$A$1826, A49) -> 3 | V49: =TEXTJOIN("|",FALSE, A49:T49) -> C00175|Sneha Iyer|56|South|Bengaluru|Standard|Email|5/26/2025|39|Quarterly|Credit Card|1,793|3|0|33.50|3.8|7/24/2027|3/1/2028|Churned|Automation | W49: =COUNTIF($V$2:$V$1826, V49) -> 1 | X49: =IFERROR(__xludf.DUMMYFUNCTION("COUNTUNIQUE(FILTER($B$2:$B$1826,$A$2:$A$1826=A49))"),3.0) -> 3
A50: C01272 | B50: Ravi Sharma | C50: 29 | D50: North | E50: Delhi | F50: Premium | G50: Instagram | H50: 45843 | I50: 14 | J50: Monthly | K50: Credit Card | L50: 2490 | M50: 0 | N50: 0 | O50: 40.2 | P50: 3.1 | Q50: 45941 | S50: Active | T50: Security | U50: =COUNTIF($A$2:$A$1826, A50) -> 4 | V50: =TEXTJOIN("|",FALSE, A50:T50) -> C01272|Ravi Sharma|29|North|Delhi|Premium|Instagram|7/5/2025|14|Monthly|Credit Card|2,490|0|0|40.20|3.1|10/11/2025||Active|Security | W50: =COUNTIF($V$2:$V$1826, V50) -> 1 | X50: =IFERROR(__xludf.DUMMYFUNCTION("COUNTUNIQUE(FILTER($B$2:$B$1826,$A$2:$A$1826=A50))"),4.0) -> 4
A51: C01412 | B51: Vikram Singh | C51: 46 | D51: West | E51: Ahmedabad | F51: Basic | G51: Referral | H51: 46009 | I51: 19 | J51: Monthly | K51: Debit Card | L51: 731 | M51: 0 | N51: 3 | O51: 13.3 | P51: 4.5 | Q51: 46258 | S51: Active | T51: Cloud Storage | U51: =COUNTIF($A$2:$A$1826, A51) -> 1 | V51: =TEXTJOIN("|",FALSE, A51:T51) -> C01412|Vikram Singh|46|West|Ahmedabad|Basic|Referral|12/18/2025|19|Monthly|Debit Card|731|0|3|13.30|4.5|8/24/2026||Active|Cloud Storage | W51: =COUNTIF($V$2:$V$1826, V51) -> 1 | X51: =IFERROR(__xludf.DUMMYFUNCTION("COUNTUNIQUE(FILTER($B$2:$B$1826,$A$2:$A$1826=A51))"),1.0) -> 1
A52: C01327 | B52: Sneha Sharma | C52: 48 | D52: South | E52: Hyderabad | F52: Standard | G52: Google Ads | H52: 44684 | I52: 11 | J52: Annual | K52: Credit Card | L52: 1765 | M52: 1 | N52: 2 | O52: 23 | P52: 4.5 | Q52: 44985 | R52: 27/10/2022 | S52: Churned | T52: Security | U52: =COUNTIF($A$2:$A$1826, A52) -> 2 | V52: =TEXTJOIN("|",FALSE, A52:T52) -> C01327|Sneha Sharma|48|South|Hyderabad|Standard|Google Ads|5/3/2022|11|Annual|Credit Card|1,765|1|2|23.00|4.5|2/28/2023|27/10/2022|Churned|Security | W52: =COUNTIF($V$2:$V$1826, V52) -> 1 | X52: =IFERROR(__xludf.DUMMYFUNCTION("COUNTUNIQUE(FILTER($B$2:$B$1826,$A$2:$A$1826=A52))"),2.0) -> 2
A53: C00558 | B53: Meera Kumar | C53: 67 | D53: West | E53: Surat | F53: Basic | G53: Google Ads | H53: 45446 | I53: 48 | J53: Annual | K53: Credit Card | L53: 627 | M53: 3 | N53: 2 | O53: 28.2 | P53: 3.2 | Q53: 45924 | S53: Active | U53: =COUNTIF($A$2:$A$1826, A53) -> 2 | V53: =TEXTJOIN("|",FALSE, A53:T53) -> C00558|Meera Kumar|67|West|Surat|Basic|Google Ads|6/3/2024|48|Annual|Credit Card|627|3|2|28.20|3.2|9/24/2025||Active| | W53: =COUNTIF($V$2:$V$1826, V53) -> 1 | X53: =IFERROR(__xludf.DUMMYFUNCTION("COUNTUNIQUE(FILTER($B$2:$B$1826,$A$2:$A$1826=A53))"),2.0) -> 2
A54: C00083 | B54: Sneha Reddy | C54: 45 | D54: South | E54: Kochi | F54: Standard | G54: Email | H54: 45131 | I54: 12 | J54: Quarterly | K54: Credit Card | L54: 1649 | M54: 3 | N54: 0 | O54: 28.1 | P54: 4.5 | Q54: 45392 | R54: 45148 | S54: Churned | T54: Analytics | U54: =COUNTIF($A$2:$A$1826, A54) -> 2 | V54: =TEXTJOIN("|",FALSE, A54:T54) -> C00083|Sneha Reddy|45|South|Kochi|Standard|Email|7/24/2023|12|Quarterly|Credit Card|1,649|3|0|28.10|4.5|4/10/2024|8/10/2023|Churned|Analytics | W54: =COUNTIF($V$2:$V$1826, V54) -> 1 | X54: =IFERROR(__xludf.DUMMYFUNCTION("COUNTUNIQUE(FILTER($B$2:$B$1826,$A$2:$A$1826=A54))"),2.0) -> 2
A55: C00330 | B55: Vikram Reddy | C55: 26 | D55: East | E55: Guwahati | F55: Standard | G55: Referral | H55: 45918 | I55: 26 | J55: Quarterly | K55: Debit Card | L55: 1036 | M55: 4 | N55: 0 | O55: 30.6 | P55: 3.6 | Q55: 46018 | R55: 46151 | S55: Churned | T55: Analytics | U55: =COUNTIF($A$2:$A$1826, A55) -> 2 | V55: =TEXTJOIN("|",FALSE, A55:T55) -> C00330|Vikram Reddy|26|East|Guwahati|Standard|Referral|9/18/2025|26|Quarterly|Debit Card|1,036|4|0|30.60|3.6|12/27/2025|5/9/2026|Churned|Analytics | W55: =COUNTIF($V$2:$V$1826, V55) -> 1 | X55: =IFERROR(__xludf.DUMMYFUNCTION("COUNTUNIQUE(FILTER($B$2:$B$1826,$A$2:$A$1826=A55))"),2.0) -> 2
A56: C01347 | B56: Vikram Patel | C56: 37 | D56: West | E56: Surat | F56: Basic | G56: Organic Search | H56: 45302 | I56: 40 | J56: Quarterly | K56: Debit Card | L56: 819 | M56: 2 | N56: 1 | O56: 27.3 | P56: 4.4 | Q56: 45417 | R56: 45661 | S56: Churned | T56: Security | U56: =COUNTIF($A$2:$A$1826, A56) -> 2 | V56: =TEXTJOIN("|",FALSE, A56:T56) -> C01347|Vikram Patel|37|West|Surat|Basic|Organic Search|1/11/2024|40|Quarterly|Debit Card|819|2|1|27.30|4.4|5/5/2024|1/4/2025|Churned|Security | W56: =COUNTIF($V$2:$V$1826, V56) -> 1 | X56: =IFERROR(__xludf.DUMMYFUNCTION("COUNTUNIQUE(FILTER($B$2:$B$1826,$A$2:$A$1826=A56))"),2.0) -> 2
A57: C00249 | B57: Sneha Sharma | C57: 60 | D57: West | E57: Jaipur | F57: Standard | G57: Referral | H57: 45690 | I57: 1 | J57: Monthly | K57: Debit Card | L57: 1229 | M57: 2 | N57: 0 | O57: 11.3 | P57: 5 | Q57: 45707 | S57: Active | T57: Collaboration | U57: =COUNTIF($A$2:$A$1826, A57) -> 2 | V57: =TEXTJOIN("|",FALSE, A57:T57) -> C00249|Sneha Sharma|60|West|Jaipur|Standard|Referral|2/2/2025|1|Monthly|Debit Card|1,229|2|0|11.30|5|2/19/2025||Active|Collaboration | W57: =COUNTIF($V$2:$V$1826, V57) -> 1 | X57: =IFERROR(__xludf.DUMMYFUNCTION("COUNTUNIQUE(FILTER($B$2:$B$1826,$A$2:$A$1826=A57))"),2.0) -> 2
A58: C01043 | B58: Ravi Patel | C58: 23 | D58: East | F58: Standard | G58: Email | H58: 45061 | I58: 30 | J58: Quarterly | K58: Credit Card | L58: 1194 | M58: 0 | N58: 0 | O58: 32.9 | P58: 4.9 | Q58: 45684 | S58: Active | T58: Collaboration | U58: =COUNTIF($A$2:$A$1826, A58) -> 2 | V58: =TEXTJOIN("|",FALSE, A58:T58) -> C01043|Ravi Patel|23|East||Standard|Email|5/15/2023|30|Quarterly|Credit Card|1,194|0|0|32.90|4.9|1/27/2025||Active|Collaboration | W58: =COUNTIF($V$2:$V$1826, V58) -> 1 | X58: =IFERROR(__xludf.DUMMYFUNCTION("COUNTUNIQUE(FILTER($B$2:$B$1826,$A$2:$A$1826=A58))"),2.0) -> 2
A59: C01040 | B59: Anita Reddy | C59: 54 | D59: East | E59: Kolkata | F59: Basic | G59: Referral | H59: 45764 | I59: 38 | J59: Annual | K59: Credit Card | L59: 749 | M59: 2 | N59: 0 | O59: 14.5 | P59: 3.9 | Q59: 46877 | R59: 46785 | S59: Churned | T59: Security | U59: =COUNTIF($A$2:$A$1826, A59) -> 2 | V59: =TEXTJOIN("|",FALSE, A59:T59) -> C01040|Anita Reddy|54|East|Kolkata|Basic|Referral|4/17/2025|38|Annual|Credit Card|749|2|0|14.50|3.9|5/4/2028|2/2/2028|Churned|Security | W59: =COUNTIF($V$2:$V$1826, V59) -> 1 | X59: =IFERROR(__xludf.DUMMYFUNCTION("COUNTUNIQUE(FILTER($B$2:$B$1826,$A$2:$A$1826=A59))"),2.0) -> 2
A60: C00660 | B60: Karan Patel | C60: 50 | D60: South | E60: Chennai | F60: Standard | G60: Instagram | H60: 45403 | I60: 3 | J60: Monthly | K60: Upi | L60: 1721 | M60: 4 | N60: 2 | O60: 37.2 | P60: 3.3 | Q60: 45461 | S60: Active | T60: Automation | U60: =COUNTIF($A$2:$A$1826, A60) -> 2 | V60: =TEXTJOIN("|",FALSE, A60:T60) -> C00660|Karan Patel|50|South|Chennai|Standard|Instagram|4/21/2024|3|Monthly|Upi|1,721|4|2|37.20|3.3|6/18/2024||Active|Automation | W60: =COUNTIF($V$2:$V$1826, V60) -> 1 | X60: =IFERROR(__xludf.DUMMYFUNCTION("COUNTUNIQUE(FILTER($B$2:$B$1826,$A$2:$A$1826=A60))"),2.0) -> 2
A61: C01209 | B61: Rahul Sharma | C61: 49 | D61: East | E61: Kolkata | F61: Premium | G61: Email | H61: 44766 | I61: 34 | J61: Quarterly | K61: Credit Card | L61: 2294 | M61: 1 | N61: 0 | O61: 35.6 | P61: 3.7 | Q61: 45615 | R61: 30/01/2025 | S61: Churned | T61: Automation | U61: =COUNTIF($A$2:$A$1826, A61) -> 1 | V61: =TEXTJOIN("|",FALSE, A61:T61) -> C01209|Rahul Sharma|49|East|Kolkata|Premium|Email|7/24/2022|34|Quarterly|Credit Card|2,294|1|0|35.60|3.7|11/19/2024|30/01/2025|Churned|Automation | W61: =COUNTIF($V$2:$V$1826, V61) -> 1 | X61: =IFERROR(__xludf.DUMMYFUNCTION("COUNTUNIQUE(FILTER($B$2:$B$1826,$A$2:$A$1826=A61))"),1.0) -> 1
A62: C01419 | B62: Ravi Kumar | C62: 58 | D62: West | E62: Mumbai | F62: Premium | G62: Youtube | H62: 45943 | I62: 35 | J62: Monthly | K62: Upi | L62: 3470 | M62: 4 | N62: 1 | O62: 40.6 | P62: 3 | Q62: 46952 | S62: Active | T62: Collaboration | U62: =COUNTIF($A$2:$A$1826, A62) -> 1 | V62: =TEXTJOIN("|",FALSE, A62:T62) -> C01419|Ravi Kumar|58|West|Mumbai|Premium|Youtube|10/13/2025|35|Monthly|Upi|3,470|4|1|40.60|3|7/18/2028||Active|Collaboration | W62: =COUNTIF($V$2:$V$1826, V62) -> 1 | X62: =IFERROR(__xludf.DUMMYFUNCTION("COUNTUNIQUE(FILTER($B$2:$B$1826,$A$2:$A$1826=A62))"),1.0) -> 1
A63: C00466 | B63: Arun Reddy | C63: 22 | D63: North | E63: Lucknow | F63: Premium | G63: Youtube | H63: 45859 | I63: 46 | J63: Quarterly | K63: Credit Card | L63: 3420 | M63: 1 | N63: 2 | O63: 38.6 | P63: 4.6 | Q63: 46482 | R63: 18/10/2025 | S63: Churned | T63: Collaboration | U63: =COUNTIF($A$2:$A$1826, A63) -> 3 | V63: =TEXTJOIN("|",FALSE, A63:T63) -> C00466|Arun Reddy|22|North|Lucknow|Premium|Youtube|7/21/2025|46|Quarterly|Credit Card|3,420|1|2|38.60|4.6|4/5/2027|18/10/2025|Churned|Collaboration | W63: =COUNTIF($V$2:$V$1826, V63) -> 1 | X63: =IFERROR(__xludf.DUMMYFUNCTION("COUNTUNIQUE(FILTER($B$2:$B$1826,$A$2:$A$1826=A63))"),3.0) -> 3
A64: C00883 | B64: Meera Singh | C64: 50 | D64: South | E64: Chennai | F64: Standard | G64: Organic Search | H64: 45958 | I64: 12 | J64: Annual | K64: Upi | L64: 1623 | M64: 4 | N64: 0 | O64: 39.6 | P64: 4.6 | Q64: 46163 | S64: Active | T64: Cloud Storage | U64: =COUNTIF($A$2:$A$1826, A64) -> 1 | V64: =TEXTJOIN("|",FALSE, A64:T64) -> C00883|Meera Singh|50|South|Chennai|Standard|Organic Search|10/28/2025|12|Annual|Upi|1,623|4|0|39.60|4.6|5/21/2026||Active|Cloud Storage | W64: =COUNTIF($V$2:$V$1826, V64) -> 1 | X64: =IFERROR(__xludf.DUMMYFUNCTION("COUNTUNIQUE(FILTER($B$2:$B$1826,$A$2:$A$1826=A64))"),1.0) -> 1
A65: C00945 | B65: Meera Iyer | C65: 59 | D65: North | E65: Guwahati | F65: Basic | G65: Google Ads | H65: 45514 | I65: 19 | J65: Quarterly | K65: Debit Card | L65: 579 | M65: 1 | N65: 1 | O65: 35.5 | P65: 3 | Q65: 45877 | S65: Active | T65: Collaboration | U65: =COUNTIF($A$2:$A$1826, A65) -> 1 | V65: =TEXTJOIN("|",FALSE, A65:T65) -> C00945|Meera Iyer|59|North|Guwahati|Basic|Google Ads|8/10/2024|19|Quarterly|Debit Card|579|1|1|35.50|3|8/8/2025||Active|Collaboration | W65: =COUNTIF($V$2:$V$1826, V65) -> 1 | X65: =IFERROR(__xludf.DUMMYFUNCTION("COUNTUNIQUE(FILTER($B$2:$B$1826,$A$2:$A$1826=A65))"),1.0) -> 1
A66: C00936 | B66: Vikram Kumar | C66: 61 | D66: East | E66: Bhubaneswar | F66: Premium | G66: Youtube | H66: 45551 | I66: 7 | J66: Quarterly | K66: Credit Card | L66: 3176 | M66: 4 | N66: 2 | O66: 31.9 | P66: 3.8 | Q66: 45636 | S66: Active | T66: Analytics | U66: =COUNTIF($A$2:$A$1826, A66) -> 1 | V66: =TEXTJOIN("|",FALSE, A66:T66) -> C00936|Vikram Kumar|61|East|Bhubaneswar|Premium|Youtube|9/16/2024|7|Quarterly|Credit Card|3,176|4|2|31.90|3.8|12/10/2024||Active|Analytics | W66: =COUNTIF($V$2:$V$1826, V66) -> 1 | X66: =IFERROR(__xludf.DUMMYFUNCTION("COUNTUNIQUE(FILTER($B$2:$B$1826,$A$2:$A$1826=A66))"),1.0) -> 1
A67: C01160 | B67: Priya Kumar | C67: 38 | D67: North | E67: Lucknow | F67: Standard | G67: Referral | H67: 45033 | I67: 120 | J67: Quarterly | K67: Upi | L67: 1650 | M67: 2 | N67: 0 | O67: 17.4 | P67: 5 | Q67: 45556 | R67: 21/02/2024 | S67: Churned | T67: Automation | U67: =COUNTIF($A$2:$A$1826, A67) -> 2 | V67: =TEXTJOIN("|",FALSE, A67:T67) -> C01160|Priya Kumar|38|North|Lucknow|Standard|Referral|4/17/2023|120|Quarterly|Upi|1,650|2|0|17.40|5|9/21/2024|21/02/2024|Churned|Automation | W67: =COUNTIF($V$2:$V$1826, V67) -> 1 | X67: =IFERROR(__xludf.DUMMYFUNCTION("COUNTUNIQUE(FILTER($B$2:$B$1826,$A$2:$A$1826=A67))"),2.0) -> 2
A68: C00748 | B68: Vikram Patel | C68: 35 | D68: South | E68: Bengaluru | F68: Premium | G68: Referral | H68: 45412 | I68: 12 | J68: Quarterly | K68: Credit Card | L68: 3086 | M68: 2 | N68: 2 | O68: 47.4 | P68: 3.3 | Q68: 45678 | S68: Active | T68: Collaboration | U68: =COUNTIF($A$2:$A$1826, A68) -> 1 | V68: =TEXTJOIN("|",FALSE, A68:T68) -> C00748|Vikram Patel|35|South|Bengaluru|Premium|Referral|4/30/2024|12|Quarterly|Credit Card|3,086|2|2|47.40|3.3|1/21/2025||Active|Collaboration | W68: =COUNTIF($V$2:$V$1826, V68) -> 1 | X68: =IFERROR(__xludf.DUMMYFUNCTION("COUNTUNIQUE(FILTER($B$2:$B$1826,$A$2:$A$1826=A68))"),1.0) -> 1
A69: C00236 | B69: Karan Kumar | C69: 35 | D69: South | E69: Mumbai | F69: Basic | G69: Instagram | H69: 45947 | I69: 47 | J69: Annual | K69: Upi | L69: 702 | M69: 1 | N69: 0 | O69: 17.1 | P69: 4.8 | Q69: 46141 | S69: Active | T69: Security | U69: =COUNTIF($A$2:$A$1826, A69) -> 3 | V69: =TEXTJOIN("|",FALSE, A69:T69) -> C00236|Karan Kumar|35|South|Mumbai|Basic|Instagram|10/17/2025|47|Annual|Upi|702|1|0|17.10|4.8|4/29/2026||Active|Security | W69: =COUNTIF($V$2:$V$1826, V69) -> 1 | X69: =IFERROR(__xludf.DUMMYFUNCTION("COUNTUNIQUE(FILTER($B$2:$B$1826,$A$2:$A$1826=A69))"),3.0) -> 3
A70: C00755 | B70: Anita Singh | C70: 60 | D70: East | E70: Guwahati | F70: Standard | G70: Referral | H70: 44783 | I70: 44 | J70: Monthly | K70: Debit Card | L70: 1633 | M70: 6 | N70: 1 | O70: 30.1 | P70: 4 | Q70: 45942 | S70: Active | T70: Security | U70: =COUNTIF($A$2:$A$1826, A70) -> 3 | V70: =TEXTJOIN("|",FALSE, A70:T70) -> C00755|Anita Singh|60|East|Guwahati|Standard|Referral|8/10/2022|44|Monthly|Debit Card|1,633|6|1|30.10|4|10/12/2025||Active|Security | W70: =COUNTIF($V$2:$V$1826, V70) -> 1 | X70: =IFERROR(__xludf.DUMMYFUNCTION("COUNTUNIQUE(FILTER($B$2:$B$1826,$A$2:$A$1826=A70))"),3.0) -> 3
A71: C01436 | B71: Karan Nair | C71: 42 | D71: East | E71: Guwahati | F71: Basic | G71: Google Ads | H71: 44638 | I71: 20 | J71: Annual | K71: Debit Card | L71: 558 | M71: 2 | N71: 0 | O71: 19 | P71: 4.2 | Q71: 45198 | R71: 44601 | S71: Churned | T71: Automation | U71: =COUNTIF($A$2:$A$1826, A71) -> 2 | V71: =TEXTJOIN("|",FALSE, A71:T71) -> C01436|Karan Nair|42|East|Guwahati|Basic|Google Ads|3/18/2022|20|Annual|Debit Card|558|2|0|19.00|4.2|9/29/2023|2/9/2022|Churned|Automation | W71: =COUNTIF($V$2:$V$1826, V71) -> 1 | X71: =IFERROR(__xludf.DUMMYFUNCTION("COUNTUNIQUE(FILTER($B$2:$B$1826,$A$2:$A$1826=A71))"),2.0) -> 2
A72: C00859 | B72: Neha Nair | C72: 47 | D72: South | E72: Kochi | F72: Standard | G72: Youtube | H72: 45564 | I72: 40 | J72: Monthly | K72: Credit Card | L72: 1032 | M72: 4 | N72: 2 | O72: 30.7 | P72: 3 | Q72: 46332 | S72: Active | T72: Analytics | U72: =COUNTIF($A$2:$A$1826, A72) -> 3 | V72: =TEXTJOIN("|",FALSE, A72:T72) -> C00859|Neha Nair|47|South|Kochi|Standard|Youtube|9/29/2024|40|Monthly|Credit Card|1,032|4|2|30.70|3|11/6/2026||Active|Analytics | W72: =COUNTIF($V$2:$V$1826, V72) -> 1 | X72: =IFERROR(__xludf.DUMMYFUNCTION("COUNTUNIQUE(FILTER($B$2:$B$1826,$A$2:$A$1826=A72))"),3.0) -> 3
A73: C01405 | B73: Meera Kumar | C73: 22 | D73: East | E73: Patna | F73: Basic | G73: Referral | H73: 44950 | I73: 8 | J73: Quarterly | K73: Upi | L73: 731 | M73: 2 | N73: 0 | O73: 23.2 | P73: 4.9 | Q73: 45014 | R73: 45085 | S73: Churned | T73: Cloud Storage | U73: =COUNTIF($A$2:$A$1826, A73) -> 2 | V73: =TEXTJOIN("|",FALSE, A73:T73) -> C01405|Meera Kumar|22|East|Patna|Basic|Referral|1/24/2023|8|Quarterly|Upi|731|2|0|23.20|4.9|3/29/2023|6/8/2023|Churned|Cloud Storage | W73: =COUNTIF($V$2:$V$1826, V73) -> 1 | X73: =IFERROR(__xludf.DUMMYFUNCTION("COUNTUNIQUE(FILTER($B$2:$B$1826,$A$2:$A$1826=A73))"),2.0) -> 2
A74: C01157 | B74: Meera Kumar | C74: 36 | D74: South | E74: Bengaluru | F74: Standard | G74: Organic Search | H74: 44986 | I74: 38 | J74: Monthly | K74: Upi | L74: 1335 | M74: 3 | N74: 2 | O74: 36.5 | P74: 2.1 | Q74: 45298 | S74: Active | T74: Automation | U74: =COUNTIF($A$2:$A$1826, A74) -> 2 | V74: =TEXTJOIN("|",FALSE, A74:T74) -> C01157|Meera Kumar|36|South|Bengaluru|Standard|Organic Search|3/1/2023|38|Monthly|Upi|1,335|3|2|36.50|2.1|1/7/2024||Active|Automation | W74: =COUNTIF($V$2:$V$1826, V74) -> 1 | X74: =IFERROR(__xludf.DUMMYFUNCTION("COUNTUNIQUE(FILTER($B$2:$B$1826,$A$2:$A$1826=A74))"),2.0) -> 2
A75: C00514 | B75: Rahul Iyer | C75: 22 | D75: South | E75: Bengaluru | F75: Standard | G75: Google Ads | H75: 44831 | I75: 1 | J75: Monthly | K75: Debit Card | L75: 1601 | M75: 2 | N75: 1 | O75: 35.9 | P75: 4 | Q75: 44842 | S75: Active | T75: Security | U75: =COUNTIF($A$2:$A$1826, A75) -> 2 | V75: =TEXTJOIN("|",FALSE, A75:T75) -> C00514|Rahul Iyer|22|South|Bengaluru|Standard|Google Ads|9/27/2022|1|Monthly|Debit Card|1,601|2|1|35.90|4|10/8/2022||Active|Security | W75: =COUNTIF($V$2:$V$1826, V75) -> 1 | X75: =IFERROR(__xludf.DUMMYFUNCTION("COUNTUNIQUE(FILTER($B$2:$B$1826,$A$2:$A$1826=A75))"),2.0) -> 2
A76: C01078 | B76: Meera Kumar | C76: 65 | D76: North | E76: Delhi | F76: Standard | G76: Youtube | H76: 45303 | I76: 33 | J76: Annual | K76: Debit Card | L76: 1514 | M76: 2 | N76: 0 | O76: 31.1 | P76: 3.7 | Q76: 46281 | S76: Active | T76: Collaboration | U76: =COUNTIF($A$2:$A$1826, A76) -> 2 | V76: =TEXTJOIN("|",FALSE, A76:T76) -> C01078|Meera Kumar|65|North|Delhi|Standard|Youtube|1/12/2024|33|Annual|Debit Card|1,514|2|0|31.10|3.7|9/16/2026||Active|Collaboration | W76: =COUNTIF($V$2:$V$1826, V76) -> 1 | X76: =IFERROR(__xludf.DUMMYFUNCTION("COUNTUNIQUE(FILTER($B$2:$B$1826,$A$2:$A$1826=A76))"),2.0) -> 2
A77: C00939 | B77: Priya Sharma | C77: 39 | D77: North | E77: Delhi | F77: Premium | G77: Youtube | H77: 45384 | I77: 28 | J77: Annual | K77: Upi | L77: 3862 | M77: 1 | N77: 2 | O77: 40.9 | P77: 2.9 | Q77: 45848 | S77: Active | T77: Analytics | U77: =COUNTIF($A$2:$A$1826, A77) -> 1 | V77: =TEXTJOIN("|",FALSE, A77:T77) -> C00939|Priya Sharma|39|North|Delhi|Premium|Youtube|4/2/2024|28|Annual|Upi|3,862|1|2|40.90|2.9|7/10/2025||Active|Analytics | W77: =COUNTIF($V$2:$V$1826, V77) -> 1 | X77: =IFERROR(__xludf.DUMMYFUNCTION("COUNTUNIQUE(FILTER($B$2:$B$1826,$A$2:$A$1826=A77))"),1.0) -> 1
A78: C00259 | B78: Ravi Singh | C78: 46 | D78: East | E78: Patna | F78: Basic | G78: Organic Search | H78: 45648 | I78: 19 | J78: Quarterly | K78: Upi | L78: 808 | M78: 0 | N78: 0 | O78: 14.4 | P78: 3.3 | Q78: 45775 | S78: Active | T78: Security | U78: =COUNTIF($A$2:$A$1826, A78) -> 3 | V78: =TEXTJOIN("|",FALSE, A78:T78) -> C00259|Ravi Singh|46|East|Patna|Basic|Organic Search|12/22/2024|19|Quarterly|Upi|808|0|0|14.40|3.3|4/28/2025||Active|Security | W78: =COUNTIF($V$2:$V$1826, V78) -> 1 | X78: =IFERROR(__xludf.DUMMYFUNCTION("COUNTUNIQUE(FILTER($B$2:$B$1826,$A$2:$A$1826=A78))"),3.0) -> 3
A79: C00695 | B79: Sneha Sharma | C79: 24 | D79: West | E79: Surat | F79: Basic | G79: Google Ads | H79: 45202 | I79: 28 | J79: Monthly | K79: Upi | L79: 629 | M79: 0 | N79: 0 | O79: 11.5 | P79: 3.2 | Q79: 45368 | S79: Active | T79: Security | U79: =COUNTIF($A$2:$A$1826, A79) -> 2 | V79: =TEXTJOIN("|",FALSE, A79:T79) -> C00695|Sneha Sharma|24|West|Surat|Basic|Google Ads|10/3/2023|28|Monthly|Upi|629|0|0|11.50|3.2|3/17/2024||Active|Security | W79: =COUNTIF($V$2:$V$1826, V79) -> 1 | X79: =IFERROR(__xludf.DUMMYFUNCTION("COUNTUNIQUE(FILTER($B$2:$B$1826,$A$2:$A$1826=A79))"),2.0) -> 2
A80: C00198 | B80: Arun Iyer | C80: 57 | D80: East | E80: Bhubaneswar | F80: Standard | G80: Organic Search | H80: 45712 | I80: 36 | J80: Quarterly | K80: Credit Card | L80: 1419 | M80: 2 | N80: 0 | O80: 16.5 | P80: 3.5 | Q80: 46588 | S80: Active | T80: Analytics | U80: =COUNTIF($A$2:$A$1826, A80) -> 1 | V80: =TEXTJOIN("|",FALSE, A80:T80) -> C00198|Arun Iyer|57|East|Bhubaneswar|Standard|Organic Search|2/24/2025|36|Quarterly|Credit Card|1,419|2|0|16.50|3.5|7/20/2027||Active|Analytics | W80: =COUNTIF($V$2:$V$1826, V80) -> 1 | X80: =IFERROR(__xludf.DUMMYFUNCTION("COUNTUNIQUE(FILTER($B$2:$B$1826,$A$2:$A$1826=A80))"),1.0) -> 1
A81: C01184 | B81: Neha Das | C81: 54 | D81: South | E81: Chennai | F81: Standard | G81: Instagram | H81: 44783 | I81: 23 | J81: Annual | K81: Debit Card | L81: 1116 | M81: 0 | N81: 2 | O81: 32.1 | P81: 4.8 | Q81: 45078 | R81: 18/04/2024 | S81: Churned | T81: Automation | U81: =COUNTIF($A$2:$A$1826, A81) -> 4 | V81: =TEXTJOIN("|",FALSE, A81:T81) -> C01184|Neha Das|54|South|Chennai|Standard|Instagram|8/10/2022|23|Annual|Debit Card|1,116|0|2|32.10|4.8|6/1/2023|18/04/2024|Churned|Automation | W81: =COUNTIF($V$2:$V$1826, V81) -> 1 | X81: =IFERROR(__xludf.DUMMYFUNCTION("COUNTUNIQUE(FILTER($B$2:$B$1826,$A$2:$A$1826=A81))"),4.0) -> 4
A82: C00054 | B82: Priya Patel | C82: 66 | D82: East | E82: Kolkata | F82: Basic | G82: Facebook | H82: 45194 | I82: 22 | J82: Annual | K82: Credit Card | L82: 591 | M82: 2 | N82: 1 | O82: 24.8 | P82: 3.1 | Q82: 45614 | S82: Active | T82: Analytics | U82: =COUNTIF($A$2:$A$1826, A82) -> 1 | V82: =TEXTJOIN("|",FALSE, A82:T82) -> C00054|Priya Patel|66|East|Kolkata|Basic|Facebook|9/25/2023|22|Annual|Credit Card|591|2|1|24.80|3.1|11/18/2024||Active|Analytics | W82: =COUNTIF($V$2:$V$1826, V82) -> 1 | X82: =IFERROR(__xludf.DUMMYFUNCTION("COUNTUNIQUE(FILTER($B$2:$B$1826,$A$2:$A$1826=A82))"),1.0) -> 1
A83: C01529 | B83: Meera Sharma | C83: 22 | D83: South | E83: Kochi | F83: Basic | G83: Referral | H83: 44884 | I83: 24 | J83: Monthly | K83: Upi | L83: 665 | M83: 2 | N83: 0 | O83: 5.9 | P83: 4.9 | Q83: 45475 | S83: Active | T83: Automation | U83: =COUNTIF($A$2:$A$1826, A83) -> 1 | V83: =TEXTJOIN("|",FALSE, A83:T83) -> C01529|Meera Sharma|22|South|Kochi|Basic|Referral|11/19/2022|24|Monthly|Upi|665|2|0|5.90|4.9|7/2/2024||Active|Automation | W83: =COUNTIF($V$2:$V$1826, V83) -> 1 | X83: =IFERROR(__xludf.DUMMYFUNCTION("COUNTUNIQUE(FILTER($B$2:$B$1826,$A$2:$A$1826=A83))"),1.0) -> 1
A84: C00102 | B84: Priya Reddy | C84: 46 | D84: North | E84: Chandigarh | F84: Basic | G84: Email | H84: 45556 | I84: 120 | J84: Monthly | K84: Credit Card | L84: 638 | M84: 2 | N84: 1 | O84: 22.6 | P84: 4 | Q84: 46615 | S84: Active | T84: Automation | U84: =COUNTIF($A$2:$A$1826, A84) -> 2 | V84: =TEXTJOIN("|",FALSE, A84:T84) -> C00102|Priya Reddy|46|North|Chandigarh|Basic|Email|9/21/2024|120|Monthly|Credit Card|638|2|1|22.60|4|8/16/2027||Active|Automation | W84: =COUNTIF($V$2:$V$1826, V84) -> 1 | X84: =IFERROR(__xludf.DUMMYFUNCTION("COUNTUNIQUE(FILTER($B$2:$B$1826,$A$2:$A$1826=A84))"),2.0) -> 2
A85: C00997 | B85: Vikram Reddy | C85: 26 | D85: East | E85: Kolkata | F85: Basic | G85: Organic Search | H85: 44674 | I85: 1 | J85: Monthly | K85: Credit Card | L85: 607 | M85: 1 | N85: 0 | O85: 11.5 | P85: 2.9 | Q85: 44700 | S85: Active | T85: Security | U85: =COUNTIF($A$2:$A$1826, A85) -> 2 | V85: =TEXTJOIN("|",FALSE, A85:T85) -> C00997|Vikram Reddy|26|East|Kolkata|Basic|Organic Search|4/23/2022|1|Monthly|Credit Card|607|1|0|11.50|2.9|5/19/2022||Active|Security | W85: =COUNTIF($V$2:$V$1826, V85) -> 1 | X85: =IFERROR(__xludf.DUMMYFUNCTION("COUNTUNIQUE(FILTER($B$2:$B$1826,$A$2:$A$1826=A85))"),2.0) -> 2
A86: C00360 | B86: Arun Nair | C86: 23 | D86: South | E86: Kochi | F86: Standard | G86: Instagram | H86: 45586 | I86: 36 | J86: Quarterly | K86: Debit Card | L86: 1072 | M86: 0 | N86: 2 | O86: 22.8 | P86: 2.7 | Q86: 45682 | R86: 46423 | S86: Churned | T86: Security | U86: =COUNTIF($A$2:$A$1826, A86) -> 3 | V86: =TEXTJOIN("|",FALSE, A86:T86) -> C00360|Arun Nair|23|South|Kochi|Standard|Instagram|10/21/2024|36|Quarterly|Debit Card|1,072|0|2|22.80|2.7|1/25/2025|2/5/2027|Churned|Security | W86: =COUNTIF($V$2:$V$1826, V86) -> 1 | X86: =IFERROR(__xludf.DUMMYFUNCTION("COUNTUNIQUE(FILTER($B$2:$B$1826,$A$2:$A$1826=A86))"),3.0) -> 3
A87: C01175 | B87: Priya Das | C87: 25 | D87: West | E87: Surat | F87: Basic | G87: Email | H87: 44604 | I87: 21 | J87: Monthly | K87: Credit Card | L87: 815 | M87: 0 | N87: 1 | O87: 17.9 | P87: 5 | Q87: 44984 | S87: Active | T87: Automation | U87: =COUNTIF($A$2:$A$1826, A87) -> 5 | V87: =TEXTJOIN("|",FALSE, A87:T87) -> C01175|Priya Das|25|West|Surat|Basic|Email|2/12/2022|21|Monthly|Credit Card|815|0|1|17.90|5|2/27/2023||Active|Automation | W87: =COUNTIF($V$2:$V$1826, V87) -> 1 | X87: =IFERROR(__xludf.DUMMYFUNCTION("COUNTUNIQUE(FILTER($B$2:$B$1826,$A$2:$A$1826=A87))"),4.0) -> 4
A88: C00821 | B88: Priya Singh | C88: 68 | D88: North | E88: Lucknow | F88: Premium | G88: Facebook | H88: 45257 | I88: 15 | J88: Quarterly | K88: Credit Card | L88: 3044 | M88: 0 | N88: 0 | O88: 34.5 | P88: 5 | Q88: 45591 | S88: Active | T88: Cloud Storage | U88: =COUNTIF($A$2:$A$1826, A88) -> 1 | V88: =TEXTJOIN("|",FALSE, A88:T88) -> C00821|Priya Singh|68|North|Lucknow|Premium|Facebook|11/27/2023|15|Quarterly|Credit Card|3,044|0|0|34.50|5|10/26/2024||Active|Cloud Storage | W88: =COUNTIF($V$2:$V$1826, V88) -> 1 | X88: =IFERROR(__xludf.DUMMYFUNCTION("COUNTUNIQUE(FILTER($B$2:$B$1826,$A$2:$A$1826=A88))"),1.0) -> 1
A89: C00484 | B89: Meera Nair | C89: 62 | D89: North | E89: Jaipur | F89: Basic | G89: Instagram | H89: 45795 | I89: 10 | J89: Annual | K89: Debit Card | L89: 834 | M89: 3 | N89: 0 | O89: 29.2 | P89: 2.5 | Q89: 46057 | R89: 46267 | S89: Churned | T89: Automation | U89: =COUNTIF($A$2:$A$1826, A89) -> 4 | V89: =TEXTJOIN("|",FALSE, A89:T89) -> C00484|Meera Nair|62|North|Jaipur|Basic|Instagram|5/18/2025|10|Annual|Debit Card|834|3|0|29.20|2.5|2/4/2026|9/2/2026|Churned|Automation | W89: =COUNTIF($V$2:$V$1826, V89) -> 1 | X89: =IFERROR(__xludf.DUMMYFUNCTION("COUNTUNIQUE(FILTER($B$2:$B$1826,$A$2:$A$1826=A89))"),4.0) -> 4
A90: C00662 | B90: Ravi Sharma | C90: 38 | D90: East | E90: Bhubaneswar | F90: Basic | G90: Email | H90: 45467 | I90: 41 | J90: Quarterly | K90: Credit Card | L90: 639 | M90: 1 | N90: 0 | O90: 12.8 | P90: 3.3 | Q90: 46197 | S90: Active | T90: Analytics | U90: =COUNTIF($A$2:$A$1826, A90) -> 3 | V90: =TEXTJOIN("|",FALSE, A90:T90) -> C00662|Ravi Sharma|38|East|Bhubaneswar|Basic|Email|6/24/2024|41|Quarterly|Credit Card|639|1|0|12.80|3.3|6/24/2026||Active|Analytics | W90: =COUNTIF($V$2:$V$1826, V90) -> 1 | X90: =IFERROR(__xludf.DUMMYFUNCTION("COUNTUNIQUE(FILTER($B$2:$B$1826,$A$2:$A$1826=A90))"),3.0) -> 3
A91: C00117 | B91: Arun Nair | C91: 55 | D91: East | E91: Patna | F91: Basic | G91: Youtube | H91: 44746 | I91: 40 | J91: Annual | K91: Upi | M91: 1 | N91: 2 | O91: 1 | P91: 4.3 | Q91: 45891 | S91: Active | T91: Collaboration | U91: =COUNTIF($A$2:$A$1826, A91) -> 1 | V91: =TEXTJOIN("|",FALSE, A91:T91) -> C00117|Arun Nair|55|East|Patna|Basic|Youtube|7/4/2022|40|Annual|Upi||1|2|1.00|4.3|8/22/2025||Active|Collaboration | W91: =COUNTIF($V$2:$V$1826, V91) -> 1 | X91: =IFERROR(__xludf.DUMMYFUNCTION("COUNTUNIQUE(FILTER($B$2:$B$1826,$A$2:$A$1826=A91))"),1.0) -> 1
A92: C01240 | B92: Neha Nair | C92: 47 | D92: West | E92: Pune | F92: Premium | G92: Email | H92: 44773 | I92: 22 | J92: Annual | K92: Debit Card | L92: 3322 | M92: 1 | N92: 2 | O92: 33.4 | P92: 4.4 | Q92: 44959 | R92: 44814 | S92: Churned | T92: Automation | U92: =COUNTIF($A$2:$A$1826, A92) -> 3 | V92: =TEXTJOIN("|",FALSE, A92:T92) -> C01240|Neha Nair|47|West|Pune|Premium|Email|7/31/2022|22|Annual|Debit Card|3,322|1|2|33.40|4.4|2/2/2023|9/10/2022|Churned|Automation | W92: =COUNTIF($V$2:$V$1826, V92) -> 1 | X92: =IFERROR(__xludf.DUMMYFUNCTION("COUNTUNIQUE(FILTER($B$2:$B$1826,$A$2:$A$1826=A92))"),3.0) -> 3
A93: C00326 | B93: Priya Reddy | C93: 25 | D93: East | E93: Patna | F93: Standard | G93: Email | H93: 45399 | I93: 22 | J93: Annual | K93: Debit Card | L93: 3324 | M93: 1 | N93: 1 | O93: 45.5 | P93: 3 | Q93: 45751 | S93: Active | T93: Security | U93: =COUNTIF($A$2:$A$1826, A93) -> 2 | V93: =TEXTJOIN("|",FALSE, A93:T93) -> C00326|Priya Reddy|25|East|Patna|Standard|Email|4/17/2024|22|Annual|Debit Card|3,324|1|1|45.50|3|4/4/2025||Active|Security | W93: =COUNTIF($V$2:$V$1826, V93) -> 1 | X93: =IFERROR(__xludf.DUMMYFUNCTION("COUNTUNIQUE(FILTER($B$2:$B$1826,$A$2:$A$1826=A93))"),2.0) -> 2
A94: C00582 | B94: Meera Sharma | C94: 38 | D94: East | E94: Bhubaneswar | F94: Basic | G94: Organic Search | H94: 45921 | I94: 10 | J94: Annual | K94: Credit Card | L94: 657 | M94: 2 | N94: 0 | O94: 14.3 | P94: 3.4 | Q94: 46131 | R94: 26/12/2025 | S94: Churned | T94: Collaboration | U94: =COUNTIF($A$2:$A$1826, A94) -> 3 | V94: =TEXTJOIN("|",FALSE, A94:T94) -> C00582|Meera Sharma|38|East|Bhubaneswar|Basic|Organic Search|9/21/2025|10|Annual|Credit Card|657|2|0|14.30|3.4|4/19/2026|26/12/2025|Churned|Collaboration | W94: =COUNTIF($V$2:$V$1826, V94) -> 1 | X94: =IFERROR(__xludf.DUMMYFUNCTION("COUNTUNIQUE(FILTER($B$2:$B$1826,$A$2:$A$1826=A94))"),3.0) -> 3
A95: C00262 | B95: Neha Singh | C95: 27 | D95: North | E95: Lucknow | F95: Standard | G95: Google Ads | H95: 45304 | I95: 20 | J95: Monthly | K95: Upi | L95: 1348 | M95: 0 | N95: 0 | O95: 50.3 | P95: 2.3 | Q95: 45811 | S95: Active | T95: Collaboration | U95: =COUNTIF($A$2:$A$1826, A95) -> 2 | V95: =TEXTJOIN("|",FALSE, A95:T95) -> C00262|Neha Singh|27|North|Lucknow|Standard|Google Ads|1/13/2024|20|Monthly|Upi|1,348|0|0|50.30|2.3|6/3/2025||Active|Collaboration | W95: =COUNTIF($V$2:$V$1826, V95) -> 1 | X95: =IFERROR(__xludf.DUMMYFUNCTION("COUNTUNIQUE(FILTER($B$2:$B$1826,$A$2:$A$1826=A95))"),2.0) -> 2
A96: C00208 | B96: Sneha Kumar | C96: 45 | D96: North | E96: Chandigarh | F96: Premium | G96: Organic Search | H96: 44830 | I96: 39 | J96: Quarterly | K96: Debit Card | L96: 3701 | M96: 4 | N96: 0 | O96: 33.2 | P96: 4.4 | Q96: 45179 | S96: Yes | T96: Cloud Storage | U96: =COUNTIF($A$2:$A$1826, A96) -> 2 | V96: =TEXTJOIN("|",FALSE, A96:T96) -> C00208|Sneha Kumar|45|North|Chandigarh|Premium|Organic Search|9/26/2022|39|Quarterly|Debit Card|3,701|4|0|33.20|4.4|9/10/2023||Yes|Cloud Storage | W96: =COUNTIF($V$2:$V$1826, V96) -> 1 | X96: =IFERROR(__xludf.DUMMYFUNCTION("COUNTUNIQUE(FILTER($B$2:$B$1826,$A$2:$A$1826=A96))"),2.0) -> 2
A97: C00910 | B97: Sneha Iyer | C97: 68 | D97: East | E97: Guwahati | F97: Basic | G97: Instagram | H97: 45195 | I97: 31 | J97: Quarterly | K97: Debit Card | L97: 598 | M97: 1 | N97: 2 | O97: 19.4 | P97: 3.8 | Q97: 45789 | R97: 19/01/2025 | S97: Churned | T97: Automation | U97: =COUNTIF($A$2:$A$1826, A97) -> 2 | V97: =TEXTJOIN("|",FALSE, A97:T97) -> C00910|Sneha Iyer|68|East|Guwahati|Basic|Instagram|9/26/2023|31|Quarterly|Debit Card|598|1|2|19.40|3.8|5/12/2025|19/01/2025|Churned|Automation | W97: =COUNTIF($V$2:$V$1826, V97) -> 1 | X97: =IFERROR(__xludf.DUMMYFUNCTION("COUNTUNIQUE(FILTER($B$2:$B$1826,$A$2:$A$1826=A97))"),2.0) -> 2
A98: C00858 | B98: Ravi Sharma | C98: 37 | D98: South | E98: Chennai | F98: Standard | G98: Instagram | H98: 45074 | I98: 4 | J98: Monthly | K98: Upi | L98: 1566 | M98: 1 | N98: 0 | O98: 30.7 | P98: 3.3 | Q98: 45110 | S98: Active | T98: Collaboration | U98: =COUNTIF($A$2:$A$1826, A98) -> 3 | V98: =TEXTJOIN("|",FALSE, A98:T98) -> C00858|Ravi Sharma|37|South|Chennai|Standard|Instagram|5/28/2023|4|Monthly|Upi|1,566|1|0|30.70|3.3|7/3/2023||Active|Collaboration | W98: =COUNTIF($V$2:$V$1826, V98) -> 1 | X98: =IFERROR(__xludf.DUMMYFUNCTION("COUNTUNIQUE(FILTER($B$2:$B$1826,$A$2:$A$1826=A98))"),3.0) -> 3
A99: C00921 | B99: Neha Das | C99: 24 | D99: South | E99: Kochi | F99: Basic | G99: Instagram | H99: 45485 | I99: 23 | J99: Quarterly | K99: Upi | L99: 711 | M99: 3 | N99: 1 | O99: 22.3 | P99: 4.6 | Q99: 46009 | R99: 28/08/2025 | S99: Churned | T99: Analytics | U99: =COUNTIF($A$2:$A$1826, A99) -> 3 | V99: =TEXTJOIN("|",FALSE, A99:T99) -> C00921|Neha Das|24|South|Kochi|Basic|Instagram|7/12/2024|23|Quarterly|Upi|711|3|1|22.30|4.6|12/18/2025|28/08/2025|Churned|Analytics | W99: =COUNTIF($V$2:$V$1826, V99) -> 1 | X99: =IFERROR(__xludf.DUMMYFUNCTION("COUNTUNIQUE(FILTER($B$2:$B$1826,$A$2:$A$1826=A99))"),3.0) -> 3
A100: C00653 | B100: Sneha Kumar | C100: 24 | D100: North | E100: Chandigarh | F100: Basic | G100: Instagram | H100: 44640 | I100: 19 | J100: Monthly | K100: Credit Card | L100: 1711 | M100: 2 | N100: 0 | O100: 22.6 | P100: 1.7 | Q100: 44792 | R100: 45268 | S100: Churned | T100: Cloud Storage | U100: =COUNTIF($A$2:$A$1826, A100) -> 2 | V100: =TEXTJOIN("|",FALSE, A100:T100) -> C00653|Sneha Kumar|24|North|Chandigarh|Basic|Instagram|3/20/2022|19|Monthly|Credit Card|1,711|2|0|22.60|1.7|8/19/2022|12/8/2023|Churned|Cloud Storage | W100: =COUNTIF($V$2:$V$1826, V100) -> 1 | X100: =IFERROR(__xludf.DUMMYFUNCTION("COUNTUNIQUE(FILTER($B$2:$B$1826,$A$2:$A$1826=A100))"),1.0) -> 1
...

Sheet Cleaned_Data
A1: Customer_ID | B1: Customer_Name | C1: Age | D1: Region | E1: City | F1: Plan | G1: Acquisition_Channel | H1: Signup_Date | I1: Tenure_Months | J1: Contract_Type | K1: Payment_Method | L1: Monthly_Fee | M1: Support_Tickets | N1: Complaints | O1: Monthly_Usage_Hours | P1: Satisfaction_Score | Q1: Last_Login | R1: Churn_Date | S1: Churn_Status | T1: Primary_Product | U1: Satisfaction_Group | V1: Usage_Group | W1: Tenure_Group
A2: C01310 | B2: Meera Das | D2: North | E2: Delhi | F2: Standard | G2: Instagram | H2: 45019 | I2: 9 | J2: Monthly | K2: Upi | L2: 1757 | M2: 2 | N2: 0 | O2: 32 | P2: 3.6 | Q2: 45308 | R2: 16/06/2023 | S2: Churned | T2: Cloud Storage | U2: =IF(P2="","",IFS(P2<3,"Low",P2<5,"Moderate",P2<7,"High",P2<=9,"Very High",TRUE,"Check Score")) -> Moderate | V2: =IF(O2="","",IF(O2<24, "Below Median", "Median or Above")) -> Median or Above | W2: =IF(I2="","",IFS(I2<0,"Invalid Tenure",I2<=12,"0–12 Months",I2<=24,"13–24 Months",I2<=48,"25–48 Months",TRUE,"49+ Months")) -> 0–12 Months
A3: C00477 | B3: Rahul Das | C3: 40 | D3: North | E3: Jaipur | F3: Standard | G3: Facebook | H3: 45678 | I3: 27 | J3: Quarterly | K3: Upi | L3: 1283 | M3: 0 | N3: 2 | O3: 40.6 | P3: 4.4 | Q3: 45694 | S3: Active | T3: Cloud Storage | U3: =IF(P3="","",IFS(P3<3,"Low",P3<5,"Moderate",P3<7,"High",P3<=9,"Very High",TRUE,"Check Score")) -> Moderate | V3: =IF(O3="","",IF(O3<24, "Below Median", "Median or Above")) -> Median or Above | W3: =IF(I3="","",IFS(I3<0,"Invalid Tenure",I3<=12,"0–12 Months",I3<=24,"13–24 Months",I3<=48,"25–48 Months",TRUE,"49+ Months")) -> 25–48 Months
A4: C01564 | B4: Priya Das | C4: 24 | D4: East | E4: Kolkata | F4: Basic | G4: Google Ads | H4: 45297 | I4: 23 | J4: Annual | K4: Credit Card | L4: 521 | M4: 2 | N4: 0 | O4: 14.3 | P4: 3.3 | Q4: 45856 | S4: Active | T4: Automation | U4: =IF(P4="","",IFS(P4<3,"Low",P4<5,"Moderate",P4<7,"High",P4<=9,"Very High",TRUE,"Check Score")) -> Moderate | V4: =IF(O4="","",IF(O4<24, "Below Median", "Median or Above")) -> Below Median | W4: =IF(I4="","",IFS(I4<0,"Invalid Tenure",I4<=12,"0–12 Months",I4<=24,"13–24 Months",I4<=48,"25–48 Months",TRUE,"49+ Months")) -> 13–24 Months
A5: C00741 | B5: Anita Patel | C5: 42 | D5: South | E5: Bengaluru | F5: Basic | G5: Instagram | H5: 45154 | I5: 6 | J5: Quarterly | K5: Upi | L5: 550 | M5: 1 | N5: 1 | O5: 9.9 | P5: 4 | Q5: 45280 | R5: 24/02/2024 | S5: Churned | T5: Collaboration | U5: =IF(P5="","",IFS(P5<3,"Low",P5<5,"Moderate",P5<7,"High",P5<=9,"Very High",TRUE,"Check Score")) -> Moderate | V5: =IF(O5="","",IF(O5<24, "Below Median", "Median or Above")) -> Below Median | W5: =IF(I5="","",IFS(I5<0,"Invalid Tenure",I5<=12,"0–12 Months",I5<=24,"13–24 Months",I5<=48,"25–48 Months",TRUE,"49+ Months")) -> 0–12 Months
A6: C01438 | B6: Anita Kumar | C6: 33 | D6: North | E6: Jaipur | F6: Standard | G6: Instagram | H6: 44896 | I6: 30 | J6: Monthly | K6: Credit Card | L6: 1703 | M6: 1 | N6: 1 | O6: 28.5 | P6: 2.4 | Q6: 45130 | S6: Active | T6: Security | U6: =IF(P6="","",IFS(P6<3,"Low",P6<5,"Moderate",P6<7,"High",P6<=9,"Very High",TRUE,"Check Score")) -> Low | V6: =IF(O6="","",IF(O6<24, "Below Median", "Median or Above")) -> Median or Above | W6: =IF(I6="","",IFS(I6<0,"Invalid Tenure",I6<=12,"0–12 Months",I6<=24,"13–24 Months",I6<=48,"25–48 Months",TRUE,"49+ Months")) -> 25–48 Months
A7: C00549 | B7: Vikram Patel | C7: 34 | D7: North | E7: Jaipur | F7: Premium | G7: Organic Search | H7: 45206 | I7: 14 | J7: Annual | K7: Debit Card | L7: 2938 | M7: 2 | N7: 1 | O7: 33.2 | P7: 3.4 | Q7: 45289 | S7: Active | T7: Automation | U7: =IF(P7="","",IFS(P7<3,"Low",P7<5,"Moderate",P7<7,"High",P7<=9,"Very High",TRUE,"Check Score")) -> Moderate | V7: =IF(O7="","",IF(O7<24, "Below Median", "Median or Above")) -> Median or Above | W7: =IF(I7="","",IFS(I7<0,"Invalid Tenure",I7<=12,"0–12 Months",I7<=24,"13–24 Months",I7<=48,"25–48 Months",TRUE,"49+ Months")) -> 13–24 Months
A8: C00539 | B8: Rahul Das | C8: 57 | D8: West | E8: Surat | F8: Basic | G8: Instagram | H8: 45605 | I8: 32 | J8: Monthly | K8: Credit Card | L8: 523 | M8: 2 | N8: 1 | O8: 16.2 | P8: 4.1 | Q8: 46257 | S8: Active | T8: Security | U8: =IF(P8="","",IFS(P8<3,"Low",P8<5,"Moderate",P8<7,"High",P8<=9,"Very High",TRUE,"Check Score")) -> Moderate | V8: =IF(O8="","",IF(O8<24, "Below Median", "Median or Above")) -> Below Median | W8: =IF(I8="","",IFS(I8<0,"Invalid Tenure",I8<=12,"0–12 Months",I8<=24,"13–24 Months",I8<=48,"25–48 Months",TRUE,"49+ Months")) -> 25–48 Months
A9: C01221 | B9: Anita Sharma | C9: 37 | D9: West | E9: Ahmedabad | F9: Premium | G9: Youtube | H9: 44585 | I9: 44 | J9: Quarterly | K9: Upi | L9: 3536 | M9: 0 | N9: 0 | O9: 43.9 | P9: 3.9 | Q9: 45141 | R9: 27/09/2025 | S9: Churned | T9: Security | U9: =IF(P9="","",IFS(P9<3,"Low",P9<5,"Moderate",P9<7,"High",P9<=9,"Very High",TRUE,"Check Score")) -> Moderate | V9: =IF(O9="","",IF(O9<24, "Below Median", "Median or Above")) -> Median or Above | W9: =IF(I9="","",IFS(I9<0,"Invalid Tenure",I9<=12,"0–12 Months",I9<=24,"13–24 Months",I9<=48,"25–48 Months",TRUE,"49+ Months")) -> 25–48 Months
A10: C00007 | B10: Rahul Kumar | C10: 57 | D10: East | E10: Bhubaneswar | F10: Standard | G10: Google Ads | H10: 45842 | I10: 20 | J10: Quarterly | K10: Credit Card | L10: 1622 | M10: 1 | N10: 1 | O10: 27.1 | P10: 3.4 | Q10: 46008 | R10: 20/08/2026 | S10: Churned | T10: Analytics | U10: =IF(P10="","",IFS(P10<3,"Low",P10<5,"Moderate",P10<7,"High",P10<=9,"Very High",TRUE,"Check Score")) -> Moderate | V10: =IF(O10="","",IF(O10<24, "Below Median", "Median or Above")) -> Median or Above | W10: =IF(I10="","",IFS(I10<0,"Invalid Tenure",I10<=12,"0–12 Months",I10<=24,"13–24 Months",I10<=48,"25–48 Months",TRUE,"49+ Months")) -> 13–24 Months
A11: C00230 | B11: Rahul Patel | C11: 61 | D11: East | E11: Patna | F11: Basic | G11: Instagram | H11: 45723 | I11: 6 | J11: Quarterly | K11: Debit Card | L11: 747 | M11: 1 | N11: 0 | O11: 20.7 | P11: 2.1 | Q11: 45869 | S11: Active | T11: Cloud Storage | U11: =IF(P11="","",IFS(P11<3,"Low",P11<5,"Moderate",P11<7,"High",P11<=9,"Very High",TRUE,"Check Score")) -> Low | V11: =IF(O11="","",IF(O11<24, "Below Median", "Median or Above")) -> Below Median | W11: =IF(I11="","",IFS(I11<0,"Invalid Tenure",I11<=12,"0–12 Months",I11<=24,"13–24 Months",I11<=48,"25–48 Months",TRUE,"49+ Months")) -> 0–12 Months
A12: C00543 | B12: Sneha Nair | C12: 26 | D12: West | E12: Pune | F12: Premium | G12: Youtube | H12: 45974 | I12: 13 | J12: Monthly | K12: Upi | L12: 3329 | M12: 2 | N12: 0 | O12: 42.7 | P12: 4.5 | Q12: 46175 | S12: Active | T12: Analytics | U12: =IF(P12="","",IFS(P12<3,"Low",P12<5,"Moderate",P12<7,"High",P12<=9,"Very High",TRUE,"Check Score")) -> Moderate | V12: =IF(O12="","",IF(O12<24, "Below Median", "Median or Above")) -> Median or Above | W12: =IF(I12="","",IFS(I12<0,"Invalid Tenure",I12<=12,"0–12 Months",I12<=24,"13–24 Months",I12<=48,"25–48 Months",TRUE,"49+ Months")) -> 13–24 Months
A13: C00693 | B13: Anita Sharma | C13: 51 | D13: North | E13: Jaipur | F13: Standard | G13: Google Ads | H13: 44707 | I13: 46 | J13: Monthly | K13: Credit Card | L13: 1068 | M13: 0 | N13: 0 | O13: 15.9 | P13: 4.7 | Q13: 44781 | S13: Active | T13: Security | U13: =IF(P13="","",IFS(P13<3,"Low",P13<5,"Moderate",P13<7,"High",P13<=9,"Very High",TRUE,"Check Score")) -> Moderate | V13: =IF(O13="","",IF(O13<24, "Below Median", "Median or Above")) -> Below Median | W13: =IF(I13="","",IFS(I13<0,"Invalid Tenure",I13<=12,"0–12 Months",I13<=24,"13–24 Months",I13<=48,"25–48 Months",TRUE,"49+ Months")) -> 25–48 Months
A14: C00439 | B14: Karan Nair | C14: 65 | D14: South | E14: Kochi | F14: Basic | G14: Email | H14: 45395 | I14: 13 | J14: Monthly | K14: Debit Card | L14: 836 | M14: 3 | N14: 2 | O14: 27.4 | Q14: 45621 | S14: Active | T14: Analytics | U14: =IF(P14="","",IFS(P14<3,"Low",P14<5,"Moderate",P14<7,"High",P14<=9,"Very High",TRUE,"Check Score")) | V14: =IF(O14="","",IF(O14<24, "Below Median", "Median or Above")) -> Median or Above | W14: =IF(I14="","",IFS(I14<0,"Invalid Tenure",I14<=12,"0–12 Months",I14<=24,"13–24 Months",I14<=48,"25–48 Months",TRUE,"49+ Months")) -> 13–24 Months
A15: C00125 | B15: Vikram Nair | C15: 34 | D15: West | E15: Ahmedabad | F15: Standard | G15: Google Ads | H15: 45071 | I15: 13 | J15: Monthly | K15: Credit Card | L15: 1142 | M15: 2 | N15: 0 | O15: 27.7 | P15: 5 | Q15: 45174 | S15: Active | T15: Automation | U15: =IF(P15="","",IFS(P15<3,"Low",P15<5,"Moderate",P15<7,"High",P15<=9,"Very High",TRUE,"Check Score")) -> High | V15: =IF(O15="","",IF(O15<24, "Below Median", "Median or Above")) -> Median or Above | W15: =IF(I15="","",IFS(I15<0,"Invalid Tenure",I15<=12,"0–12 Months",I15<=24,"13–24 Months",I15<=48,"25–48 Months",TRUE,"49+ Months")) -> 13–24 Months
A16: C00201 | B16: Arun Patel | C16: 43 | D16: North | E16: Delhi | F16: Premium | G16: Youtube | H16: 45046 | I16: 11 | J16: Monthly | K16: Credit Card | L16: 3769 | M16: 3 | N16: 1 | O16: 38.7 | P16: 3.4 | Q16: 45261 | S16: Active | T16: Collaboration | U16: =IF(P16="","",IFS(P16<3,"Low",P16<5,"Moderate",P16<7,"High",P16<=9,"Very High",TRUE,"Check Score")) -> Moderate | V16: =IF(O16="","",IF(O16<24, "Below Median", "Median or Above")) -> Median or Above | W16: =IF(I16="","",IFS(I16<0,"Invalid Tenure",I16<=12,"0–12 Months",I16<=24,"13–24 Months",I16<=48,"25–48 Months",TRUE,"49+ Months")) -> 0–12 Months
A17: C00932 | B17: Arun Kumar | C17: 66 | D17: East | E17: Guwahati | F17: Standard | G17: Facebook | H17: 45700 | I17: 43 | J17: Quarterly | K17: Upi | L17: 1193 | M17: 5 | N17: 3 | O17: 21.5 | P17: 3.2 | Q17: 46155 | S17: Active | T17: Analytics | U17: =IF(P17="","",IFS(P17<3,"Low",P17<5,"Moderate",P17<7,"High",P17<=9,"Very High",TRUE,"Check Score")) -> Moderate | V17: =IF(O17="","",IF(O17<24, "Below Median", "Median or Above")) -> Below Median | W17: =IF(I17="","",IFS(I17<0,"Invalid Tenure",I17<=12,"0–12 Months",I17<=24,"13–24 Months",I17<=48,"25–48 Months",TRUE,"49+ Months")) -> 25–48 Months
A18: C01197 | B18: Karan Sharma | C18: 55 | D18: West | E18: Pune | F18: Basic | G18: Organic Search | H18: 44726 | I18: 12 | J18: Monthly | K18: Debit Card | L18: 533 | M18: 1 | N18: 2 | O18: 12.4 | P18: 3.4 | Q18: 44856 | S18: Active | T18: Automation | U18: =IF(P18="","",IFS(P18<3,"Low",P18<5,"Moderate",P18<7,"High",P18<=9,"Very High",TRUE,"Check Score")) -> Moderate | V18: =IF(O18="","",IF(O18<24, "Below Median", "Median or Above")) -> Below Median | W18: =IF(I18="","",IFS(I18<0,"Invalid Tenure",I18<=12,"0–12 Months",I18<=24,"13–24 Months",I18<=48,"25–48 Months",TRUE,"49+ Months")) -> 0–12 Months
A19: C00082 | B19: Vikram Das | C19: 27 | D19: North | E19: Lucknow | F19: Standard | G19: Organic Search | H19: 45632 | I19: 21 | J19: Annual | K19: Debit Card | L19: 1684 | M19: 1 | N19: 0 | O19: 6.8 | P19: 4 | Q19: 45963 | R19: 45817 | S19: Churned | T19: Collaboration | U19: =IF(P19="","",IFS(P19<3,"Low",P19<5,"Moderate",P19<7,"High",P19<=9,"Very High",TRUE,"Check Score")) -> Moderate | V19: =IF(O19="","",IF(O19<24, "Below Median", "Median or Above")) -> Below Median | W19: =IF(I19="","",IFS(I19<0,"Invalid Tenure",I19<=12,"0–12 Months",I19<=24,"13–24 Months",I19<=48,"25–48 Months",TRUE,"49+ Months")) -> 13–24 Months
A20: C00937 | B20: Anita Sharma | C20: 34 | D20: East | E20: Kolkata | F20: Basic | G20: Organic Search | H20: 45715 | I20: 7 | J20: Quarterly | K20: Credit Card | L20: 608 | M20: 2 | N20: 2 | O20: 16.7 | P20: 4.1 | Q20: 45758 | S20: Active | T20: Cloud Storage | U20: =IF(P20="","",IFS(P20<3,"Low",P20<5,"Moderate",P20<7,"High",P20<=9,"Very High",TRUE,"Check Score")) -> Moderate | V20: =IF(O20="","",IF(O20<24, "Below Median", "Median or Above")) -> Below Median | W20: =IF(I20="","",IFS(I20<0,"Invalid Tenure",I20<=12,"0–12 Months",I20<=24,"13–24 Months",I20<=48,"25–48 Months",TRUE,"49+ Months")) -> 0–12 Months
A21: C00898 | B21: Ravi Patel | C21: 36 | D21: East | E21: Kolkata | F21: Standard | G21: Organic Search | H21: 45175 | I21: 43 | J21: Monthly | K21: Debit Card | L21: 1269 | M21: 1 | N21: 1 | O21: 12.6 | P21: 3.7 | Q21: 45404 | S21: Active | T21: Cloud Storage | U21: =IF(P21="","",IFS(P21<3,"Low",P21<5,"Moderate",P21<7,"High",P21<=9,"Very High",TRUE,"Check Score")) -> Moderate | V21: =IF(O21="","",IF(O21<24, "Below Median", "Median or Above")) -> Below Median | W21: =IF(I21="","",IFS(I21<0,"Invalid Tenure",I21<=12,"0–12 Months",I21<=24,"13–24 Months",I21<=48,"25–48 Months",TRUE,"49+ Months")) -> 25–48 Months
A22: C01470 | B22: Vikram Kumar | C22: 19 | D22: East | E22: Bhubaneswar | F22: Standard | G22: Youtube | H22: 45102 | I22: 33 | J22: Quarterly | K22: Upi | L22: 1093 | M22: 1 | N22: 1 | O22: 26.5 | P22: 4 | Q22: 45545 | S22: Active | T22: Collaboration | U22: =IF(P22="","",IFS(P22<3,"Low",P22<5,"Moderate",P22<7,"High",P22<=9,"Very High",TRUE,"Check Score")) -> Moderate | V22: =IF(O22="","",IF(O22<24, "Below Median", "Median or Above")) -> Median or Above | W22: =IF(I22="","",IFS(I22<0,"Invalid Tenure",I22<=12,"0–12 Months",I22<=24,"13–24 Months",I22<=48,"25–48 Months",TRUE,"49+ Months")) -> 25–48 Months
A23: C00331 | B23: Ravi Patel | C23: 46 | D23: West | E23: Surat | F23: Standard | G23: Google Ads | H23: 44716 | I23: 45 | J23: Monthly | K23: Upi | L23: 1035 | M23: 2 | N23: 2 | O23: 37.1 | P23: 4.4 | Q23: 45482 | R23: 45879 | S23: Churned | T23: Collaboration | U23: =IF(P23="","",IFS(P23<3,"Low",P23<5,"Moderate",P23<7,"High",P23<=9,"Very High",TRUE,"Check Score")) -> Moderate | V23: =IF(O23="","",IF(O23<24, "Below Median", "Median or Above")) -> Median or Above | W23: =IF(I23="","",IFS(I23<0,"Invalid Tenure",I23<=12,"0–12 Months",I23<=24,"13–24 Months",I23<=48,"25–48 Months",TRUE,"49+ Months")) -> 25–48 Months
A24: C00747 | B24: Rahul Singh | C24: 29 | D24: North | E24: Chandigarh | F24: Basic | G24: Instagram | H24: 45927 | I24: 7 | J24: Monthly | K24: Credit Card | L24: 785 | M24: 0 | N24: 2 | O24: 10.1 | P24: 3.2 | Q24: 46095 | S24: Active | T24: Analytics | U24: =IF(P24="","",IFS(P24<3,"Low",P24<5,"Moderate",P24<7,"High",P24<=9,"Very High",TRUE,"Check Score")) -> Moderate | V24: =IF(O24="","",IF(O24<24, "Below Median", "Median or Above")) -> Below Median | W24: =IF(I24="","",IFS(I24<0,"Invalid Tenure",I24<=12,"0–12 Months",I24<=24,"13–24 Months",I24<=48,"25–48 Months",TRUE,"49+ Months")) -> 0–12 Months
A25: C00368 | B25: Sneha Singh | C25: 31 | D25: East | E25: Guwahati | F25: Standard | G25: Youtube | H25: 45070 | I25: 18 | J25: Quarterly | K25: Credit Card | L25: 1109 | M25: 1 | N25: 1 | O25: 15.6 | P25: 3.8 | Q25: 45119 | S25: Active | T25: Collaboration | U25: =IF(P25="","",IFS(P25<3,"Low",P25<5,"Moderate",P25<7,"High",P25<=9,"Very High",TRUE,"Check Score")) -> Moderate | V25: =IF(O25="","",IF(O25<24, "Below Median", "Median or Above")) -> Below Median | W25: =IF(I25="","",IFS(I25<0,"Invalid Tenure",I25<=12,"0–12 Months",I25<=24,"13–24 Months",I25<=48,"25–48 Months",TRUE,"49+ Months")) -> 13–24 Months
A26: C00467 | B26: Ravi Reddy | C26: 20 | D26: South | E26: Bengaluru | F26: Standard | G26: Email | H26: 45234 | I26: 18 | J26: Monthly | K26: Credit Card | L26: 1284 | M26: 4 | N26: 1 | O26: 21.7 | P26: 3.4 | Q26: 45765 | R26: 16/01/2025 | S26: Churned | T26: Cloud Storage | U26: =IF(P26="","",IFS(P26<3,"Low",P26<5,"Moderate",P26<7,"High",P26<=9,"Very High",TRUE,"Check Score")) -> Moderate | V26: =IF(O26="","",IF(O26<24, "Below Median", "Median or Above")) -> Below Median | W26: =IF(I26="","",IFS(I26<0,"Invalid Tenure",I26<=12,"0–12 Months",I26<=24,"13–24 Months",I26<=48,"25–48 Months",TRUE,"49+ Months")) -> 13–24 Months
A27: C01190 | B27: Meera Singh | C27: 35 | D27: East | E27: Kolkata | F27: Basic | G27: Email | H27: 45269 | I27: 47 | J27: Monthly | K27: Debit Card | L27: 722 | N27: 4 | O27: 15.4 | P27: 3.5 | Q27: 45515 | R27: 46176 | S27: Churned | T27: Security | U27: =IF(P27="","",IFS(P27<3,"Low",P27<5,"Moderate",P27<7,"High",P27<=9,"Very High",TRUE,"Check Score")) -> Moderate | V27: =IF(O27="","",IF(O27<24, "Below Median", "Median or Above")) -> Below Median | W27: =IF(I27="","",IFS(I27<0,"Invalid Tenure",I27<=12,"0–12 Months",I27<=24,"13–24 Months",I27<=48,"25–48 Months",TRUE,"49+ Months")) -> 25–48 Months
A28: C00004 | B28: Ravi Iyer | C28: 61 | D28: South | E28: Hyderabad | F28: Basic | G28: Facebook | H28: 45238 | I28: 40 | J28: Quarterly | K28: Credit Card | L28: 562 | M28: 0 | N28: 0 | O28: 19.8 | P28: 4.5 | Q28: 45863 | S28: Active | T28: Security | U28: =IF(P28="","",IFS(P28<3,"Low",P28<5,"Moderate",P28<7,"High",P28<=9,"Very High",TRUE,"Check Score")) -> Moderate | V28: =IF(O28="","",IF(O28<24, "Below Median", "Median or Above")) -> Below Median | W28: =IF(I28="","",IFS(I28<0,"Invalid Tenure",I28<=12,"0–12 Months",I28<=24,"13–24 Months",I28<=48,"25–48 Months",TRUE,"49+ Months")) -> 25–48 Months
A29: C01428 | B29: Ravi Kumar | C29: 38 | D29: East | E29: Bhubaneswar | F29: Basic | G29: Facebook | H29: 45338 | I29: 44 | J29: Quarterly | K29: Upi | L29: 588 | M29: 2 | N29: 1 | O29: 19.4 | P29: 2.6 | Q29: 45964 | R29: 26/06/2026 | S29: Churned | T29: Security | U29: =IF(P29="","",IFS(P29<3,"Low",P29<5,"Moderate",P29<7,"High",P29<=9,"Very High",TRUE,"Check Score")) -> Low | V29: =IF(O29="","",IF(O29<24, "Below Median", "Median or Above")) -> Below Median | W29: =IF(I29="","",IFS(I29<0,"Invalid Tenure",I29<=12,"0–12 Months",I29<=24,"13–24 Months",I29<=48,"25–48 Months",TRUE,"49+ Months")) -> 25–48 Months
A30: C01188 | B30: Vikram Reddy | C30: 24 | D30: East | E30: Guwahati | F30: Basic | G30: Facebook | H30: 44999 | I30: 33 | J30: Quarterly | K30: Debit Card | L30: 875 | M30: 4 | N30: 0 | O30: 27.3 | P30: 3 | Q30: 45095 | S30: Active | T30: Collaboration | U30: =IF(P30="","",IFS(P30<3,"Low",P30<5,"Moderate",P30<7,"High",P30<=9,"Very High",TRUE,"Check Score")) -> Moderate | V30: =IF(O30="","",IF(O30<24, "Below Median", "Median or Above")) -> Median or Above | W30: =IF(I30="","",IFS(I30<0,"Invalid Tenure",I30<=12,"0–12 Months",I30<=24,"13–24 Months",I30<=48,"25–48 Months",TRUE,"49+ Months")) -> 25–48 Months
A31: C00461 | B31: Karan Nair | C31: 44 | D31: South | E31: Chennai | F31: Basic | G31: Instagram | H31: 45535 | I31: 40 | J31: Monthly | K31: Upi | L31: 536 | M31: 5 | N31: 1 | O31: 10.9 | P31: 3 | Q31: 46723 | R31: 45699 | S31: Churned | T31: Analytics | U31: =IF(P31="","",IFS(P31<3,"Low",P31<5,"Moderate",P31<7,"High",P31<=9,"Very High",TRUE,"Check Score")) -> Moderate | V31: =IF(O31="","",IF(O31<24, "Below Median", "Median or Above")) -> Below Median | W31: =IF(I31="","",IFS(I31<0,"Invalid Tenure",I31<=12,"0–12 Months",I31<=24,"13–24 Months",I31<=48,"25–48 Months",TRUE,"49+ Months")) -> 25–48 Months
A32: C01538 | B32: Sneha Patel | C32: 48 | D32: North | E32: Lucknow | F32: Basic | G32: Youtube | H32: 45987 | I32: 34 | J32: Annual | K32: Debit Card | L32: 784 | M32: 1 | N32: 1 | O32: 23 | P32: 2.9 | Q32: 46245 | S32: Active | T32: Automation | U32: =IF(P32="","",IFS(P32<3,"Low",P32<5,"Moderate",P32<7,"High",P32<=9,"Very High",TRUE,"Check Score")) -> Low | V32: =IF(O32="","",IF(O32<24, "Below Median", "Median or Above")) -> Below Median | W32: =IF(I32="","",IFS(I32<0,"Invalid Tenure",I32<=12,"0–12 Months",I32<=24,"13–24 Months",I32<=48,"25–48 Months",TRUE,"49+ Months")) -> 25–48 Months
A33: C01220 | B33: Sneha Nair | C33: 35 | D33: East | E33: Guwahati | F33: Standard | G33: Facebook | H33: 45595 | I33: 28 | J33: Monthly | K33: Debit Card | L33: 1455 | M33: 0 | N33: 4 | O33: 26.2 | P33: 4.3 | Q33: 45767 | R33: 30/12/2026 | S33: Churned | T33: Collaboration | U33: =IF(P33="","",IFS(P33<3,"Low",P33<5,"Moderate",P33<7,"High",P33<=9,"Very High",TRUE,"Check Score")) -> Moderate | V33: =IF(O33="","",IF(O33<24, "Below Median", "Median or Above")) -> Median or Above | W33: =IF(I33="","",IFS(I33<0,"Invalid Tenure",I33<=12,"0–12 Months",I33<=24,"13–24 Months",I33<=48,"25–48 Months",TRUE,"49+ Months")) -> 25–48 Months
A34: C01569 | B34: Rahul Singh | C34: 43 | D34: West | E34: Pune | F34: Basic | G34: Google Ads | H34: 45147 | I34: 16 | J34: Annual | K34: Upi | L34: 662 | M34: 2 | N34: 2 | O34: 11.2 | P34: 2.3 | Q34: 45227 | S34: Active | T34: Cloud Storage | U34: =IF(P34="","",IFS(P34<3,"Low",P34<5,"Moderate",P34<7,"High",P34<=9,"Very High",TRUE,"Check Score")) -> Low | V34: =IF(O34="","",IF(O34<24, "Below Median", "Median or Above")) -> Below Median | W34: =IF(I34="","",IFS(I34<0,"Invalid Tenure",I34<=12,"0–12 Months",I34<=24,"13–24 Months",I34<=48,"25–48 Months",TRUE,"49+ Months")) -> 13–24 Months
A35: C00132 | B35: Meera Das | C35: 49 | D35: West | E35: Surat | F35: Basic | G35: Email | H35: 45413 | I35: 4 | J35: Monthly | K35: Credit Card | L35: 714 | M35: 2 | N35: 2 | O35: 10.9 | P35: 3.8 | Q35: 45428 | S35: Active | T35: Collaboration | U35: =IF(P35="","",IFS(P35<3,"Low",P35<5,"Moderate",P35<7,"High",P35<=9,"Very High",TRUE,"Check Score")) -> Moderate | V35: =IF(O35="","",IF(O35<24, "Below Median", "Median or Above")) -> Below Median | W35: =IF(I35="","",IFS(I35<0,"Invalid Tenure",I35<=12,"0–12 Months",I35<=24,"13–24 Months",I35<=48,"25–48 Months",TRUE,"49+ Months")) -> 0–12 Months
A36: C01544 | B36: Arun Das | C36: 40 | D36: West | E36: Surat | F36: Standard | G36: Facebook | H36: 45680 | I36: 39 | J36: Annual | K36: Debit Card | L36: 1223 | M36: 1 | N36: 4 | O36: 36.7 | P36: 4.6 | Q36: 46582 | R36: 13/11/2027 | S36: Churned | T36: Security | U36: =IF(P36="","",IFS(P36<3,"Low",P36<5,"Moderate",P36<7,"High",P36<=9,"Very High",TRUE,"Check Score")) -> Moderate | V36: =IF(O36="","",IF(O36<24, "Below Median", "Median or Above")) -> Median or Above | W36: =IF(I36="","",IFS(I36<0,"Invalid Tenure",I36<=12,"0–12 Months",I36<=24,"13–24 Months",I36<=48,"25–48 Months",TRUE,"49+ Months")) -> 25–48 Months
A37: C01484 | B37: Karan Patel | C37: 48 | D37: South | E37: Kochi | F37: Premium | G37: Organic Search | H37: 45655 | I37: 2 | J37: Monthly | K37: Upi | L37: 3356 | M37: 4 | N37: 1 | O37: 49.5 | P37: 3.7 | Q37: 45668 | R37: 45690 | S37: Churned | T37: Collaboration | U37: =IF(P37="","",IFS(P37<3,"Low",P37<5,"Moderate",P37<7,"High",P37<=9,"Very High",TRUE,"Check Score")) -> Moderate | V37: =IF(O37="","",IF(O37<24, "Below Median", "Median or Above")) -> Median or Above | W37: =IF(I37="","",IFS(I37<0,"Invalid Tenure",I37<=12,"0–12 Months",I37<=24,"13–24 Months",I37<=48,"25–48 Months",TRUE,"49+ Months")) -> 0–12 Months
A38: C00777 | B38: Arun Kumar | C38: 41 | D38: East | E38: Bhubaneswar | F38: Standard | G38: Referral | H38: 45338 | I38: 18 | J38: Monthly | K38: Debit Card | L38: 1257 | M38: 2 | N38: 1 | O38: 24.1 | P38: 3.8 | Q38: 45431 | R38: 45968 | S38: Churned | T38: Analytics | U38: =IF(P38="","",IFS(P38<3,"Low",P38<5,"Moderate",P38<7,"High",P38<=9,"Very High",TRUE,"Check Score")) -> Moderate | V38: =IF(O38="","",IF(O38<24, "Below Median", "Median or Above")) -> Median or Above | W38: =IF(I38="","",IFS(I38<0,"Invalid Tenure",I38<=12,"0–12 Months",I38<=24,"13–24 Months",I38<=48,"25–48 Months",TRUE,"49+ Months")) -> 13–24 Months
A39: C01600 | B39: Meera Singh | C39: 48 | D39: North | E39: Delhi | F39: Premium | G39: Instagram | H39: 44603 | I39: 40 | J39: Annual | K39: Credit Card | L39: 3370 | M39: 2 | N39: 1 | O39: 30.9 | P39: 3.4 | Q39: 44847 | S39: Active | T39: Collaboration | U39: =IF(P39="","",IFS(P39<3,"Low",P39<5,"Moderate",P39<7,"High",P39<=9,"Very High",TRUE,"Check Score")) -> Moderate | V39: =IF(O39="","",IF(O39<24, "Below Median", "Median or Above")) -> Median or Above | W39: =IF(I39="","",IFS(I39<0,"Invalid Tenure",I39<=12,"0–12 Months",I39<=24,"13–24 Months",I39<=48,"25–48 Months",TRUE,"49+ Months")) -> 25–48 Months
A40: C00344 | B40: Neha Sharma | C40: 56 | D40: North | E40: Jaipur | F40: Premium | G40: Google Ads | H40: 45747 | I40: 2 | J40: Annual | K40: Debit Card | L40: 3858 | M40: 4 | N40: 0 | O40: 38.4 | P40: 3.1 | Q40: 45805 | R40: 25/05/2025 | S40: Churned | T40: Cloud Storage | U40: =IF(P40="","",IFS(P40<3,"Low",P40<5,"Moderate",P40<7,"High",P40<=9,"Very High",TRUE,"Check Score")) -> Moderate | V40: =IF(O40="","",IF(O40<24, "Below Median", "Median or Above")) -> Median or Above | W40: =IF(I40="","",IFS(I40<0,"Invalid Tenure",I40<=12,"0–12 Months",I40<=24,"13–24 Months",I40<=48,"25–48 Months",TRUE,"49+ Months")) -> 0–12 Months
A41: C00209 | B41: Anita Kumar | C41: 45 | D41: East | E41: Kolkata | F41: Standard | G41: Organic Search | H41: 44646 | I41: 23 | J41: Quarterly | K41: Upi | L41: 1378 | M41: 1 | N41: 0 | O41: 22.7 | P41: 4.5 | Q41: 45174 | S41: Active | T41: Security | U41: =IF(P41="","",IFS(P41<3,"Low",P41<5,"Moderate",P41<7,"High",P41<=9,"Very High",TRUE,"Check Score")) -> Moderate | V41: =IF(O41="","",IF(O41<24, "Below Median", "Median or Above")) -> Below Median | W41: =IF(I41="","",IFS(I41<0,"Invalid Tenure",I41<=12,"0–12 Months",I41<=24,"13–24 Months",I41<=48,"25–48 Months",TRUE,"49+ Months")) -> 13–24 Months
A42: C00742 | B42: Karan Iyer | C42: 39 | D42: West | E42: Pune | F42: Basic | G42: Facebook | H42: 45630 | I42: 42 | J42: Monthly | K42: Upi | L42: 774 | M42: 1 | N42: 0 | O42: 11.8 | P42: 5 | Q42: 46592 | S42: Active | T42: Collaboration | U42: =IF(P42="","",IFS(P42<3,"Low",P42<5,"Moderate",P42<7,"High",P42<=9,"Very High",TRUE,"Check Score")) -> High | V42: =IF(O42="","",IF(O42<24, "Below Median", "Median or Above")) -> Below Median | W42: =IF(I42="","",IFS(I42<0,"Invalid Tenure",I42<=12,"0–12 Months",I42<=24,"13–24 Months",I42<=48,"25–48 Months",TRUE,"49+ Months")) -> 25–48 Months
A43: C00924 | B43: Anita Iyer | C43: 40 | D43: South | E43: Kochi | F43: Standard | G43: Facebook | H43: 45338 | I43: 22 | J43: Quarterly | K43: Debit Card | L43: 1185 | M43: 3 | N43: 1 | O43: 42.1 | P43: 4.1 | Q43: 45565 | S43: Active | T43: Collaboration | U43: =IF(P43="","",IFS(P43<3,"Low",P43<5,"Moderate",P43<7,"High",P43<=9,"Very High",TRUE,"Check Score")) -> Moderate | V43: =IF(O43="","",IF(O43<24, "Below Median", "Median or Above")) -> Median or Above | W43: =IF(I43="","",IFS(I43<0,"Invalid Tenure",I43<=12,"0–12 Months",I43<=24,"13–24 Months",I43<=48,"25–48 Months",TRUE,"49+ Months")) -> 13–24 Months
A44: C01139 | B44: Sneha Nair | C44: 20 | D44: North | E44: Jaipur | F44: Basic | G44: Facebook | H44: 45394 | I44: 32 | J44: Monthly | K44: Credit Card | L44: 622 | M44: 2 | N44: 0 | O44: 5.8 | P44: 3.3 | Q44: 46065 | S44: Active | T44: Cloud Storage | U44: =IF(P44="","",IFS(P44<3,"Low",P44<5,"Moderate",P44<7,"High",P44<=9,"Very High",TRUE,"Check Score")) -> Moderate | V44: =IF(O44="","",IF(O44<24, "Below Median", "Median or Above")) -> Below Median | W44: =IF(I44="","",IFS(I44<0,"Invalid Tenure",I44<=12,"0–12 Months",I44<=24,"13–24 Months",I44<=48,"25–48 Months",TRUE,"49+ Months")) -> 25–48 Months
A45: C00829 | B45: Anita Nair | C45: 36 | D45: South | E45: Hyderabad | F45: Standard | G45: Referral | H45: 45531 | I45: 36 | J45: Quarterly | K45: Credit Card | L45: 1762 | M45: 1 | N45: 1 | O45: 31.6 | P45: 4.4 | Q45: 46218 | S45: Yes | T45: Cloud Storage | U45: =IF(P45="","",IFS(P45<3,"Low",P45<5,"Moderate",P45<7,"High",P45<=9,"Very High",TRUE,"Check Score")) -> Moderate | V45: =IF(O45="","",IF(O45<24, "Below Median", "Median or Above")) -> Median or Above | W45: =IF(I45="","",IFS(I45<0,"Invalid Tenure",I45<=12,"0–12 Months",I45<=24,"13–24 Months",I45<=48,"25–48 Months",TRUE,"49+ Months")) -> 25–48 Months
A46: C00248 | B46: Meera Iyer | C46: 25 | D46: South | E46: Hyderabad | F46: Basic | G46: Organic Search | H46: 45975 | I46: 12 | J46: Monthly | K46: Debit Card | L46: 877 | M46: 3 | N46: 1 | O46: 16 | P46: 2.6 | Q46: 46355 | S46: Active | T46: Cloud Storage | U46: =IF(P46="","",IFS(P46<3,"Low",P46<5,"Moderate",P46<7,"High",P46<=9,"Very High",TRUE,"Check Score")) -> Low | V46: =IF(O46="","",IF(O46<24, "Below Median", "Median or Above")) -> Below Median | W46: =IF(I46="","",IFS(I46<0,"Invalid Tenure",I46<=12,"0–12 Months",I46<=24,"13–24 Months",I46<=48,"25–48 Months",TRUE,"49+ Months")) -> 0–12 Months
A47: C00740 | B47: Sneha Sharma | C47: 19 | D47: South | E47: Hyderabad | F47: Basic | G47: Organic Search | H47: 44821 | I47: 18 | J47: Annual | K47: Credit Card | L47: 526 | M47: 1 | N47: 0 | O47: 27.3 | P47: 3.7 | Q47: 44960 | S47: Active | T47: Security | U47: =IF(P47="","",IFS(P47<3,"Low",P47<5,"Moderate",P47<7,"High",P47<=9,"Very High",TRUE,"Check Score")) -> Moderate | V47: =IF(O47="","",IF(O47<24, "Below Median", "Median or Above")) -> Median or Above | W47: =IF(I47="","",IFS(I47<0,"Invalid Tenure",I47<=12,"0–12 Months",I47<=24,"13–24 Months",I47<=48,"25–48 Months",TRUE,"49+ Months")) -> 13–24 Months
A48: C00981 | B48: Meera Kumar | C48: 28 | D48: West | E48: Ahmedabad | F48: Basic | G48: Google Ads | H48: 45079 | I48: 31 | J48: Monthly | K48: Debit Card | L48: 532 | M48: 3 | N48: 1 | O48: 16.4 | P48: 3.8 | Q48: 45164 | S48: Active | T48: Collaboration | U48: =IF(P48="","",IFS(P48<3,"Low",P48<5,"Moderate",P48<7,"High",P48<=9,"Very High",TRUE,"Check Score")) -> Moderate | V48: =IF(O48="","",IF(O48<24, "Below Median", "Median or Above")) -> Below Median | W48: =IF(I48="","",IFS(I48<0,"Invalid Tenure",I48<=12,"0–12 Months",I48<=24,"13–24 Months",I48<=48,"25–48 Months",TRUE,"49+ Months")) -> 25–48 Months
A49: C00175 | B49: Sneha Iyer | C49: 56 | D49: South | E49: Bengaluru | F49: Standard | G49: Email | H49: 45803 | I49: 39 | J49: Quarterly | K49: Credit Card | L49: 1793 | M49: 3 | N49: 0 | O49: 33.5 | P49: 3.8 | Q49: 46592 | R49: 46813 | S49: Churned | T49: Automation | U49: =IF(P49="","",IFS(P49<3,"Low",P49<5,"Moderate",P49<7,"High",P49<=9,"Very High",TRUE,"Check Score")) -> Moderate | V49: =IF(O49="","",IF(O49<24, "Below Median", "Median or Above")) -> Median or Above | W49: =IF(I49="","",IFS(I49<0,"Invalid Tenure",I49<=12,"0–12 Months",I49<=24,"13–24 Months",I49<=48,"25–48 Months",TRUE,"49+ Months")) -> 25–48 Months
A50: C01272 | B50: Ravi Sharma | C50: 29 | D50: North | E50: Delhi | F50: Premium | G50: Instagram | H50: 45843 | I50: 14 | J50: Monthly | K50: Credit Card | L50: 2490 | M50: 0 | N50: 0 | O50: 40.2 | P50: 3.1 | Q50: 45941 | S50: Active | T50: Security | U50: =IF(P50="","",IFS(P50<3,"Low",P50<5,"Moderate",P50<7,"High",P50<=9,"Very High",TRUE,"Check Score")) -> Moderate | V50: =IF(O50="","",IF(O50<24, "Below Median", "Median or Above")) -> Median or Above | W50: =IF(I50="","",IFS(I50<0,"Invalid Tenure",I50<=12,"0–12 Months",I50<=24,"13–24 Months",I50<=48,"25–48 Months",TRUE,"49+ Months")) -> 13–24 Months
A51: C01412 | B51: Vikram Singh | C51: 46 | D51: West | E51: Ahmedabad | F51: Basic | G51: Referral | H51: 46009 | I51: 19 | J51: Monthly | K51: Debit Card | L51: 731 | M51: 0 | N51: 3 | O51: 13.3 | P51: 4.5 | Q51: 46258 | S51: Active | T51: Cloud Storage | U51: =IF(P51="","",IFS(P51<3,"Low",P51<5,"Moderate",P51<7,"High",P51<=9,"Very High",TRUE,"Check Score")) -> Moderate | V51: =IF(O51="","",IF(O51<24, "Below Median", "Median or Above")) -> Below Median | W51: =IF(I51="","",IFS(I51<0,"Invalid Tenure",I51<=12,"0–12 Months",I51<=24,"13–24 Months",I51<=48,"25–48 Months",TRUE,"49+ Months")) -> 13–24 Months
A52: C01327 | B52: Sneha Sharma | C52: 48 | D52: South | E52: Hyderabad | F52: Standard | G52: Google Ads | H52: 44684 | I52: 11 | J52: Annual | K52: Credit Card | L52: 1765 | M52: 1 | N52: 2 | O52: 23 | P52: 4.5 | Q52: 44985 | R52: 27/10/2022 | S52: Churned | T52: Security | U52: =IF(P52="","",IFS(P52<3,"Low",P52<5,"Moderate",P52<7,"High",P52<=9,"Very High",TRUE,"Check Score")) -> Moderate | V52: =IF(O52="","",IF(O52<24, "Below Median", "Median or Above")) -> Below Median | W52: =IF(I52="","",IFS(I52<0,"Invalid Tenure",I52<=12,"0–12 Months",I52<=24,"13–24 Months",I52<=48,"25–48 Months",TRUE,"49+ Months")) -> 0–12 Months
A53: C00558 | B53: Meera Kumar | C53: 67 | D53: West | E53: Surat | F53: Basic | G53: Google Ads | H53: 45446 | I53: 48 | J53: Annual | K53: Credit Card | L53: 627 | M53: 3 | N53: 2 | O53: 28.2 | P53: 3.2 | Q53: 45924 | S53: Active | U53: =IF(P53="","",IFS(P53<3,"Low",P53<5,"Moderate",P53<7,"High",P53<=9,"Very High",TRUE,"Check Score")) -> Moderate | V53: =IF(O53="","",IF(O53<24, "Below Median", "Median or Above")) -> Median or Above | W53: =IF(I53="","",IFS(I53<0,"Invalid Tenure",I53<=12,"0–12 Months",I53<=24,"13–24 Months",I53<=48,"25–48 Months",TRUE,"49+ Months")) -> 25–48 Months
A54: C00083 | B54: Sneha Reddy | C54: 45 | D54: South | E54: Kochi | F54: Standard | G54: Email | H54: 45131 | I54: 12 | J54: Quarterly | K54: Credit Card | L54: 1649 | M54: 3 | N54: 0 | O54: 28.1 | P54: 4.5 | Q54: 45392 | R54: 45148 | S54: Churned | T54: Analytics | U54: =IF(P54="","",IFS(P54<3,"Low",P54<5,"Moderate",P54<7,"High",P54<=9,"Very High",TRUE,"Check Score")) -> Moderate | V54: =IF(O54="","",IF(O54<24, "Below Median", "Median or Above")) -> Median or Above | W54: =IF(I54="","",IFS(I54<0,"Invalid Tenure",I54<=12,"0–12 Months",I54<=24,"13–24 Months",I54<=48,"25–48 Months",TRUE,"49+ Months")) -> 0–12 Months
A55: C00330 | B55: Vikram Reddy | C55: 26 | D55: East | E55: Guwahati | F55: Standard | G55: Referral | H55: 45918 | I55: 26 | J55: Quarterly | K55: Debit Card | L55: 1036 | M55: 4 | N55: 0 | O55: 30.6 | P55: 3.6 | Q55: 46018 | R55: 46151 | S55: Churned | T55: Analytics | U55: =IF(P55="","",IFS(P55<3,"Low",P55<5,"Moderate",P55<7,"High",P55<=9,"Very High",TRUE,"Check Score")) -> Moderate | V55: =IF(O55="","",IF(O55<24, "Below Median", "Median or Above")) -> Median or Above | W55: =IF(I55="","",IFS(I55<0,"Invalid Tenure",I55<=12,"0–12 Months",I55<=24,"13–24 Months",I55<=48,"25–48 Months",TRUE,"49+ Months")) -> 25–48 Months
A56: C01347 | B56: Vikram Patel | C56: 37 | D56: West | E56: Surat | F56: Basic | G56: Organic Search | H56: 45302 | I56: 40 | J56: Quarterly | K56: Debit Card | L56: 819 | M56: 2 | N56: 1 | O56: 27.3 | P56: 4.4 | Q56: 45417 | R56: 45661 | S56: Churned | T56: Security | U56: =IF(P56="","",IFS(P56<3,"Low",P56<5,"Moderate",P56<7,"High",P56<=9,"Very High",TRUE,"Check Score")) -> Moderate | V56: =IF(O56="","",IF(O56<24, "Below Median", "Median or Above")) -> Median or Above | W56: =IF(I56="","",IFS(I56<0,"Invalid Tenure",I56<=12,"0–12 Months",I56<=24,"13–24 Months",I56<=48,"25–48 Months",TRUE,"49+ Months")) -> 25–48 Months
A57: C00249 | B57: Sneha Sharma | C57: 60 | D57: West | E57: Jaipur | F57: Standard | G57: Referral | H57: 45690 | I57: 1 | J57: Monthly | K57: Debit Card | L57: 1229 | M57: 2 | N57: 0 | O57: 11.3 | P57: 5 | Q57: 45707 | S57: Active | T57: Collaboration | U57: =IF(P57="","",IFS(P57<3,"Low",P57<5,"Moderate",P57<7,"High",P57<=9,"Very High",TRUE,"Check Score")) -> High | V57: =IF(O57="","",IF(O57<24, "Below Median", "Median or Above")) -> Below Median | W57: =IF(I57="","",IFS(I57<0,"Invalid Tenure",I57<=12,"0–12 Months",I57<=24,"13–24 Months",I57<=48,"25–48 Months",TRUE,"49+ Months")) -> 0–12 Months
A58: C01043 | B58: Ravi Patel | C58: 23 | D58: East | F58: Standard | G58: Email | H58: 45061 | I58: 30 | J58: Quarterly | K58: Credit Card | L58: 1194 | M58: 0 | N58: 0 | O58: 32.9 | P58: 4.9 | Q58: 45684 | S58: Active | T58: Collaboration | U58: =IF(P58="","",IFS(P58<3,"Low",P58<5,"Moderate",P58<7,"High",P58<=9,"Very High",TRUE,"Check Score")) -> Moderate | V58: =IF(O58="","",IF(O58<24, "Below Median", "Median or Above")) -> Median or Above | W58: =IF(I58="","",IFS(I58<0,"Invalid Tenure",I58<=12,"0–12 Months",I58<=24,"13–24 Months",I58<=48,"25–48 Months",TRUE,"49+ Months")) -> 25–48 Months
A59: C01040 | B59: Anita Reddy | C59: 54 | D59: East | E59: Kolkata | F59: Basic | G59: Referral | H59: 45764 | I59: 38 | J59: Annual | K59: Credit Card | L59: 749 | M59: 2 | N59: 0 | O59: 14.5 | P59: 3.9 | Q59: 46877 | R59: 46785 | S59: Churned | T59: Security | U59: =IF(P59="","",IFS(P59<3,"Low",P59<5,"Moderate",P59<7,"High",P59<=9,"Very High",TRUE,"Check Score")) -> Moderate | V59: =IF(O59="","",IF(O59<24, "Below Median", "Median or Above")) -> Below Median | W59: =IF(I59="","",IFS(I59<0,"Invalid Tenure",I59<=12,"0–12 Months",I59<=24,"13–24 Months",I59<=48,"25–48 Months",TRUE,"49+ Months")) -> 25–48 Months
A60: C00660 | B60: Karan Patel | C60: 50 | D60: South | E60: Chennai | F60: Standard | G60: Instagram | H60: 45403 | I60: 3 | J60: Monthly | K60: Upi | L60: 1721 | M60: 4 | N60: 2 | O60: 37.2 | P60: 3.3 | Q60: 45461 | S60: Active | T60: Automation | U60: =IF(P60="","",IFS(P60<3,"Low",P60<5,"Moderate",P60<7,"High",P60<=9,"Very High",TRUE,"Check Score")) -> Moderate | V60: =IF(O60="","",IF(O60<24, "Below Median", "Median or Above")) -> Median or Above | W60: =IF(I60="","",IFS(I60<0,"Invalid Tenure",I60<=12,"0–12 Months",I60<=24,"13–24 Months",I60<=48,"25–48 Months",TRUE,"49+ Months")) -> 0–12 Months
A61: C01209 | B61: Rahul Sharma | C61: 49 | D61: East | E61: Kolkata | F61: Premium | G61: Email | H61: 44766 | I61: 34 | J61: Quarterly | K61: Credit Card | L61: 2294 | M61: 1 | N61: 0 | O61: 35.6 | P61: 3.7 | Q61: 45615 | R61: 30/01/2025 | S61: Churned | T61: Automation | U61: =IF(P61="","",IFS(P61<3,"Low",P61<5,"Moderate",P61<7,"High",P61<=9,"Very High",TRUE,"Check Score")) -> Moderate | V61: =IF(O61="","",IF(O61<24, "Below Median", "Median or Above")) -> Median or Above | W61: =IF(I61="","",IFS(I61<0,"Invalid Tenure",I61<=12,"0–12 Months",I61<=24,"13–24 Months",I61<=48,"25–48 Months",TRUE,"49+ Months")) -> 25–48 Months
A62: C01419 | B62: Ravi Kumar | C62: 58 | D62: West | E62: Mumbai | F62: Premium | G62: Youtube | H62: 45943 | I62: 35 | J62: Monthly | K62: Upi | L62: 3470 | M62: 4 | N62: 1 | O62: 40.6 | P62: 3 | Q62: 46952 | S62: Active | T62: Collaboration | U62: =IF(P62="","",IFS(P62<3,"Low",P62<5,"Moderate",P62<7,"High",P62<=9,"Very High",TRUE,"Check Score")) -> Moderate | V62: =IF(O62="","",IF(O62<24, "Below Median", "Median or Above")) -> Median or Above | W62: =IF(I62="","",IFS(I62<0,"Invalid Tenure",I62<=12,"0–12 Months",I62<=24,"13–24 Months",I62<=48,"25–48 Months",TRUE,"49+ Months")) -> 25–48 Months
A63: C00466 | B63: Arun Reddy | C63: 22 | D63: North | E63: Lucknow | F63: Premium | G63: Youtube | H63: 45859 | I63: 46 | J63: Quarterly | K63: Credit Card | L63: 3420 | M63: 1 | N63: 2 | O63: 38.6 | P63: 4.6 | Q63: 46482 | R63: 18/10/2025 | S63: Churned | T63: Collaboration | U63: =IF(P63="","",IFS(P63<3,"Low",P63<5,"Moderate",P63<7,"High",P63<=9,"Very High",TRUE,"Check Score")) -> Moderate | V63: =IF(O63="","",IF(O63<24, "Below Median", "Median or Above")) -> Median or Above | W63: =IF(I63="","",IFS(I63<0,"Invalid Tenure",I63<=12,"0–12 Months",I63<=24,"13–24 Months",I63<=48,"25–48 Months",TRUE,"49+ Months")) -> 25–48 Months
A64: C00883 | B64: Meera Singh | C64: 50 | D64: South | E64: Chennai | F64: Standard | G64: Organic Search | H64: 45958 | I64: 12 | J64: Annual | K64: Upi | L64: 1623 | M64: 4 | N64: 0 | O64: 39.6 | P64: 4.6 | Q64: 46163 | S64: Active | T64: Cloud Storage | U64: =IF(P64="","",IFS(P64<3,"Low",P64<5,"Moderate",P64<7,"High",P64<=9,"Very High",TRUE,"Check Score")) -> Moderate | V64: =IF(O64="","",IF(O64<24, "Below Median", "Median or Above")) -> Median or Above | W64: =IF(I64="","",IFS(I64<0,"Invalid Tenure",I64<=12,"0–12 Months",I64<=24,"13–24 Months",I64<=48,"25–48 Months",TRUE,"49+ Months")) -> 0–12 Months
A65: C00945 | B65: Meera Iyer | C65: 59 | D65: North | E65: Guwahati | F65: Basic | G65: Google Ads | H65: 45514 | I65: 19 | J65: Quarterly | K65: Debit Card | L65: 579 | M65: 1 | N65: 1 | O65: 35.5 | P65: 3 | Q65: 45877 | S65: Active | T65: Collaboration | U65: =IF(P65="","",IFS(P65<3,"Low",P65<5,"Moderate",P65<7,"High",P65<=9,"Very High",TRUE,"Check Score")) -> Moderate | V65: =IF(O65="","",IF(O65<24, "Below Median", "Median or Above")) -> Median or Above | W65: =IF(I65="","",IFS(I65<0,"Invalid Tenure",I65<=12,"0–12 Months",I65<=24,"13–24 Months",I65<=48,"25–48 Months",TRUE,"49+ Months")) -> 13–24 Months
A66: C00936 | B66: Vikram Kumar | C66: 61 | D66: East | E66: Bhubaneswar | F66: Premium | G66: Youtube | H66: 45551 | I66: 7 | J66: Quarterly | K66: Credit Card | L66: 3176 | M66: 4 | N66: 2 | O66: 31.9 | P66: 3.8 | Q66: 45636 | S66: Active | T66: Analytics | U66: =IF(P66="","",IFS(P66<3,"Low",P66<5,"Moderate",P66<7,"High",P66<=9,"Very High",TRUE,"Check Score")) -> Moderate | V66: =IF(O66="","",IF(O66<24, "Below Median", "Median or Above")) -> Median or Above | W66: =IF(I66="","",IFS(I66<0,"Invalid Tenure",I66<=12,"0–12 Months",I66<=24,"13–24 Months",I66<=48,"25–48 Months",TRUE,"49+ Months")) -> 0–12 Months
A67: C01160 | B67: Priya Kumar | C67: 38 | D67: North | E67: Lucknow | F67: Standard | G67: Referral | H67: 45033 | I67: 120 | J67: Quarterly | K67: Upi | L67: 1650 | M67: 2 | N67: 0 | O67: 17.4 | P67: 5 | Q67: 45556 | R67: 21/02/2024 | S67: Churned | T67: Automation | U67: =IF(P67="","",IFS(P67<3,"Low",P67<5,"Moderate",P67<7,"High",P67<=9,"Very High",TRUE,"Check Score")) -> High | V67: =IF(O67="","",IF(O67<24, "Below Median", "Median or Above")) -> Below Median | W67: =IF(I67="","",IFS(I67<0,"Invalid Tenure",I67<=12,"0–12 Months",I67<=24,"13–24 Months",I67<=48,"25–48 Months",TRUE,"49+ Months")) -> 49+ Months
A68: C00748 | B68: Vikram Patel | C68: 35 | D68: South | E68: Bengaluru | F68: Premium | G68: Referral | H68: 45412 | I68: 12 | J68: Quarterly | K68: Credit Card | L68: 3086 | M68: 2 | N68: 2 | O68: 47.4 | P68: 3.3 | Q68: 45678 | S68: Active | T68: Collaboration | U68: =IF(P68="","",IFS(P68<3,"Low",P68<5,"Moderate",P68<7,"High",P68<=9,"Very High",TRUE,"Check Score")) -> Moderate | V68: =IF(O68="","",IF(O68<24, "Below Median", "Median or Above")) -> Median or Above | W68: =IF(I68="","",IFS(I68<0,"Invalid Tenure",I68<=12,"0–12 Months",I68<=24,"13–24 Months",I68<=48,"25–48 Months",TRUE,"49+ Months")) -> 0–12 Months
A69: C00236 | B69: Karan Kumar | C69: 35 | D69: South | E69: Mumbai | F69: Basic | G69: Instagram | H69: 45947 | I69: 47 | J69: Annual | K69: Upi | L69: 702 | M69: 1 | N69: 0 | O69: 17.1 | P69: 4.8 | Q69: 46141 | S69: Active | T69: Security | U69: =IF(P69="","",IFS(P69<3,"Low",P69<5,"Moderate",P69<7,"High",P69<=9,"Very High",TRUE,"Check Score")) -> Moderate | V69: =IF(O69="","",IF(O69<24, "Below Median", "Median or Above")) -> Below Median | W69: =IF(I69="","",IFS(I69<0,"Invalid Tenure",I69<=12,"0–12 Months",I69<=24,"13–24 Months",I69<=48,"25–48 Months",TRUE,"49+ Months")) -> 25–48 Months
A70: C00755 | B70: Anita Singh | C70: 60 | D70: East | E70: Guwahati | F70: Standard | G70: Referral | H70: 44783 | I70: 44 | J70: Monthly | K70: Debit Card | L70: 1633 | M70: 6 | N70: 1 | O70: 30.1 | P70: 4 | Q70: 45942 | S70: Active | T70: Security | U70: =IF(P70="","",IFS(P70<3,"Low",P70<5,"Moderate",P70<7,"High",P70<=9,"Very High",TRUE,"Check Score")) -> Moderate | V70: =IF(O70="","",IF(O70<24, "Below Median", "Median or Above")) -> Median or Above | W70: =IF(I70="","",IFS(I70<0,"Invalid Tenure",I70<=12,"0–12 Months",I70<=24,"13–24 Months",I70<=48,"25–48 Months",TRUE,"49+ Months")) -> 25–48 Months
A71: C01436 | B71: Karan Nair | C71: 42 | D71: East | E71: Guwahati | F71: Basic | G71: Google Ads | H71: 44638 | I71: 20 | J71: Annual | K71: Debit Card | L71: 558 | M71: 2 | N71: 0 | O71: 19 | P71: 4.2 | Q71: 45198 | R71: 44601 | S71: Churned | T71: Automation | U71: =IF(P71="","",IFS(P71<3,"Low",P71<5,"Moderate",P71<7,"High",P71<=9,"Very High",TRUE,"Check Score")) -> Moderate | V71: =IF(O71="","",IF(O71<24, "Below Median", "Median or Above")) -> Below Median | W71: =IF(I71="","",IFS(I71<0,"Invalid Tenure",I71<=12,"0–12 Months",I71<=24,"13–24 Months",I71<=48,"25–48 Months",TRUE,"49+ Months")) -> 13–24 Months
A72: C00859 | B72: Neha Nair | C72: 47 | D72: South | E72: Kochi | F72: Standard | G72: Youtube | H72: 45564 | I72: 40 | J72: Monthly | K72: Credit Card | L72: 1032 | M72: 4 | N72: 2 | O72: 30.7 | P72: 3 | Q72: 46332 | S72: Active | T72: Analytics | U72: =IF(P72="","",IFS(P72<3,"Low",P72<5,"Moderate",P72<7,"High",P72<=9,"Very High",TRUE,"Check Score")) -> Moderate | V72: =IF(O72="","",IF(O72<24, "Below Median", "Median or Above")) -> Median or Above | W72: =IF(I72="","",IFS(I72<0,"Invalid Tenure",I72<=12,"0–12 Months",I72<=24,"13–24 Months",I72<=48,"25–48 Months",TRUE,"49+ Months")) -> 25–48 Months
A73: C01405 | B73: Meera Kumar | C73: 22 | D73: East | E73: Patna | F73: Basic | G73: Referral | H73: 44950 | I73: 8 | J73: Quarterly | K73: Upi | L73: 731 | M73: 2 | N73: 0 | O73: 23.2 | P73: 4.9 | Q73: 45014 | R73: 45085 | S73: Churned | T73: Cloud Storage | U73: =IF(P73="","",IFS(P73<3,"Low",P73<5,"Moderate",P73<7,"High",P73<=9,"Very High",TRUE,"Check Score")) -> Moderate | V73: =IF(O73="","",IF(O73<24, "Below Median", "Median or Above")) -> Below Median | W73: =IF(I73="","",IFS(I73<0,"Invalid Tenure",I73<=12,"0–12 Months",I73<=24,"13–24 Months",I73<=48,"25–48 Months",TRUE,"49+ Months")) -> 0–12 Months
A74: C01157 | B74: Meera Kumar | C74: 36 | D74: South | E74: Bengaluru | F74: Standard | G74: Organic Search | H74: 44986 | I74: 38 | J74: Monthly | K74: Upi | L74: 1335 | M74: 3 | N74: 2 | O74: 36.5 | P74: 2.1 | Q74: 45298 | S74: Active | T74: Automation | U74: =IF(P74="","",IFS(P74<3,"Low",P74<5,"Moderate",P74<7,"High",P74<=9,"Very High",TRUE,"Check Score")) -> Low | V74: =IF(O74="","",IF(O74<24, "Below Median", "Median or Above")) -> Median or Above | W74: =IF(I74="","",IFS(I74<0,"Invalid Tenure",I74<=12,"0–12 Months",I74<=24,"13–24 Months",I74<=48,"25–48 Months",TRUE,"49+ Months")) -> 25–48 Months
A75: C00514 | B75: Rahul Iyer | C75: 22 | D75: South | E75: Bengaluru | F75: Standard | G75: Google Ads | H75: 44831 | I75: 1 | J75: Monthly | K75: Debit Card | L75: 1601 | M75: 2 | N75: 1 | O75: 35.9 | P75: 4 | Q75: 44842 | S75: Active | T75: Security | U75: =IF(P75="","",IFS(P75<3,"Low",P75<5,"Moderate",P75<7,"High",P75<=9,"Very High",TRUE,"Check Score")) -> Moderate | V75: =IF(O75="","",IF(O75<24, "Below Median", "Median or Above")) -> Median or Above | W75: =IF(I75="","",IFS(I75<0,"Invalid Tenure",I75<=12,"0–12 Months",I75<=24,"13–24 Months",I75<=48,"25–48 Months",TRUE,"49+ Months")) -> 0–12 Months
A76: C01078 | B76: Meera Kumar | C76: 65 | D76: North | E76: Delhi | F76: Standard | G76: Youtube | H76: 45303 | I76: 33 | J76: Annual | K76: Debit Card | L76: 1514 | M76: 2 | N76: 0 | O76: 31.1 | P76: 3.7 | Q76: 46281 | S76: Active | T76: Collaboration | U76: =IF(P76="","",IFS(P76<3,"Low",P76<5,"Moderate",P76<7,"High",P76<=9,"Very High",TRUE,"Check Score")) -> Moderate | V76: =IF(O76="","",IF(O76<24, "Below Median", "Median or Above")) -> Median or Above | W76: =IF(I76="","",IFS(I76<0,"Invalid Tenure",I76<=12,"0–12 Months",I76<=24,"13–24 Months",I76<=48,"25–48 Months",TRUE,"49+ Months")) -> 25–48 Months
A77: C00939 | B77: Priya Sharma | C77: 39 | D77: North | E77: Delhi | F77: Premium | G77: Youtube | H77: 45384 | I77: 28 | J77: Annual | K77: Upi | L77: 3862 | M77: 1 | N77: 2 | O77: 40.9 | P77: 2.9 | Q77: 45848 | S77: Active | T77: Analytics | U77: =IF(P77="","",IFS(P77<3,"Low",P77<5,"Moderate",P77<7,"High",P77<=9,"Very High",TRUE,"Check Score")) -> Low | V77: =IF(O77="","",IF(O77<24, "Below Median", "Median or Above")) -> Median or Above | W77: =IF(I77="","",IFS(I77<0,"Invalid Tenure",I77<=12,"0–12 Months",I77<=24,"13–24 Months",I77<=48,"25–48 Months",TRUE,"49+ Months")) -> 25–48 Months
A78: C00259 | B78: Ravi Singh | C78: 46 | D78: East | E78: Patna | F78: Basic | G78: Organic Search | H78: 45648 | I78: 19 | J78: Quarterly | K78: Upi | L78: 808 | M78: 0 | N78: 0 | O78: 14.4 | P78: 3.3 | Q78: 45775 | S78: Active | T78: Security | U78: =IF(P78="","",IFS(P78<3,"Low",P78<5,"Moderate",P78<7,"High",P78<=9,"Very High",TRUE,"Check Score")) -> Moderate | V78: =IF(O78="","",IF(O78<24, "Below Median", "Median or Above")) -> Below Median | W78: =IF(I78="","",IFS(I78<0,"Invalid Tenure",I78<=12,"0–12 Months",I78<=24,"13–24 Months",I78<=48,"25–48 Months",TRUE,"49+ Months")) -> 13–24 Months
A79: C00695 | B79: Sneha Sharma | C79: 24 | D79: West | E79: Surat | F79: Basic | G79: Google Ads | H79: 45202 | I79: 28 | J79: Monthly | K79: Upi | L79: 629 | M79: 0 | N79: 0 | O79: 11.5 | P79: 3.2 | Q79: 45368 | S79: Active | T79: Security | U79: =IF(P79="","",IFS(P79<3,"Low",P79<5,"Moderate",P79<7,"High",P79<=9,"Very High",TRUE,"Check Score")) -> Moderate | V79: =IF(O79="","",IF(O79<24, "Below Median", "Median or Above")) -> Below Median | W79: =IF(I79="","",IFS(I79<0,"Invalid Tenure",I79<=12,"0–12 Months",I79<=24,"13–24 Months",I79<=48,"25–48 Months",TRUE,"49+ Months")) -> 25–48 Months
A80: C00198 | B80: Arun Iyer | C80: 57 | D80: East | E80: Bhubaneswar | F80: Standard | G80: Organic Search | H80: 45712 | I80: 36 | J80: Quarterly | K80: Credit Card | L80: 1419 | M80: 2 | N80: 0 | O80: 16.5 | P80: 3.5 | Q80: 46588 | S80: Active | T80: Analytics | U80: =IF(P80="","",IFS(P80<3,"Low",P80<5,"Moderate",P80<7,"High",P80<=9,"Very High",TRUE,"Check Score")) -> Moderate | V80: =IF(O80="","",IF(O80<24, "Below Median", "Median or Above")) -> Below Median | W80: =IF(I80="","",IFS(I80<0,"Invalid Tenure",I80<=12,"0–12 Months",I80<=24,"13–24 Months",I80<=48,"25–48 Months",TRUE,"49+ Months")) -> 25–48 Months
A81: C01184 | B81: Neha Das | C81: 54 | D81: South | E81: Chennai | F81: Standard | G81: Instagram | H81: 44783 | I81: 23 | J81: Annual | K81: Debit Card | L81: 1116 | M81: 0 | N81: 2 | O81: 32.1 | P81: 4.8 | Q81: 45078 | R81: 18/04/2024 | S81: Churned | T81: Automation | U81: =IF(P81="","",IFS(P81<3,"Low",P81<5,"Moderate",P81<7,"High",P81<=9,"Very High",TRUE,"Check Score")) -> Moderate | V81: =IF(O81="","",IF(O81<24, "Below Median", "Median or Above")) -> Median or Above | W81: =IF(I81="","",IFS(I81<0,"Invalid Tenure",I81<=12,"0–12 Months",I81<=24,"13–24 Months",I81<=48,"25–48 Months",TRUE,"49+ Months")) -> 13–24 Months
A82: C00054 | B82: Priya Patel | C82: 66 | D82: East | E82: Kolkata | F82: Basic | G82: Facebook | H82: 45194 | I82: 22 | J82: Annual | K82: Credit Card | L82: 591 | M82: 2 | N82: 1 | O82: 24.8 | P82: 3.1 | Q82: 45614 | S82: Active | T82: Analytics | U82: =IF(P82="","",IFS(P82<3,"Low",P82<5,"Moderate",P82<7,"High",P82<=9,"Very High",TRUE,"Check Score")) -> Moderate | V82: =IF(O82="","",IF(O82<24, "Below Median", "Median or Above")) -> Median or Above | W82: =IF(I82="","",IFS(I82<0,"Invalid Tenure",I82<=12,"0–12 Months",I82<=24,"13–24 Months",I82<=48,"25–48 Months",TRUE,"49+ Months")) -> 13–24 Months
A83: C01529 | B83: Meera Sharma | C83: 22 | D83: South | E83: Kochi | F83: Basic | G83: Referral | H83: 44884 | I83: 24 | J83: Monthly | K83: Upi | L83: 665 | M83: 2 | N83: 0 | O83: 5.9 | P83: 4.9 | Q83: 45475 | S83: Active | T83: Automation | U83: =IF(P83="","",IFS(P83<3,"Low",P83<5,"Moderate",P83<7,"High",P83<=9,"Very High",TRUE,"Check Score")) -> Moderate | V83: =IF(O83="","",IF(O83<24, "Below Median", "Median or Above")) -> Below Median | W83: =IF(I83="","",IFS(I83<0,"Invalid Tenure",I83<=12,"0–12 Months",I83<=24,"13–24 Months",I83<=48,"25–48 Months",TRUE,"49+ Months")) -> 13–24 Months
A84: C00102 | B84: Priya Reddy | C84: 46 | D84: North | E84: Chandigarh | F84: Basic | G84: Email | H84: 45556 | I84: 120 | J84: Monthly | K84: Credit Card | L84: 638 | M84: 2 | N84: 1 | O84: 22.6 | P84: 4 | Q84: 46615 | S84: Active | T84: Automation | U84: =IF(P84="","",IFS(P84<3,"Low",P84<5,"Moderate",P84<7,"High",P84<=9,"Very High",TRUE,"Check Score")) -> Moderate | V84: =IF(O84="","",IF(O84<24, "Below Median", "Median or Above")) -> Below Median | W84: =IF(I84="","",IFS(I84<0,"Invalid Tenure",I84<=12,"0–12 Months",I84<=24,"13–24 Months",I84<=48,"25–48 Months",TRUE,"49+ Months")) -> 49+ Months
A85: C00997 | B85: Vikram Reddy | C85: 26 | D85: East | E85: Kolkata | F85: Basic | G85: Organic Search | H85: 44674 | I85: 1 | J85: Monthly | K85: Credit Card | L85: 607 | M85: 1 | N85: 0 | O85: 11.5 | P85: 2.9 | Q85: 44700 | S85: Active | T85: Security | U85: =IF(P85="","",IFS(P85<3,"Low",P85<5,"Moderate",P85<7,"High",P85<=9,"Very High",TRUE,"Check Score")) -> Low | V85: =IF(O85="","",IF(O85<24, "Below Median", "Median or Above")) -> Below Median | W85: =IF(I85="","",IFS(I85<0,"Invalid Tenure",I85<=12,"0–12 Months",I85<=24,"13–24 Months",I85<=48,"25–48 Months",TRUE,"49+ Months")) -> 0–12 Months
A86: C00360 | B86: Arun Nair | C86: 23 | D86: South | E86: Kochi | F86: Standard | G86: Instagram | H86: 45586 | I86: 36 | J86: Quarterly | K86: Debit Card | L86: 1072 | M86: 0 | N86: 2 | O86: 22.8 | P86: 2.7 | Q86: 45682 | R86: 46423 | S86: Churned | T86: Security | U86: =IF(P86="","",IFS(P86<3,"Low",P86<5,"Moderate",P86<7,"High",P86<=9,"Very High",TRUE,"Check Score")) -> Low | V86: =IF(O86="","",IF(O86<24, "Below Median", "Median or Above")) -> Below Median | W86: =IF(I86="","",IFS(I86<0,"Invalid Tenure",I86<=12,"0–12 Months",I86<=24,"13–24 Months",I86<=48,"25–48 Months",TRUE,"49+ Months")) -> 25–48 Months
A87: C01175 | B87: Priya Das | C87: 25 | D87: West | E87: Surat | F87: Basic | G87: Email | H87: 44604 | I87: 21 | J87: Monthly | K87: Credit Card | L87: 815 | M87: 0 | N87: 1 | O87: 17.9 | P87: 5 | Q87: 44984 | S87: Active | T87: Automation | U87: =IF(P87="","",IFS(P87<3,"Low",P87<5,"Moderate",P87<7,"High",P87<=9,"Very High",TRUE,"Check Score")) -> High | V87: =IF(O87="","",IF(O87<24, "Below Median", "Median or Above")) -> Below Median | W87: =IF(I87="","",IFS(I87<0,"Invalid Tenure",I87<=12,"0–12 Months",I87<=24,"13–24 Months",I87<=48,"25–48 Months",TRUE,"49+ Months")) -> 13–24 Months
A88: C00821 | B88: Priya Singh | C88: 68 | D88: North | E88: Lucknow | F88: Premium | G88: Facebook | H88: 45257 | I88: 15 | J88: Quarterly | K88: Credit Card | L88: 3044 | M88: 0 | N88: 0 | O88: 34.5 | P88: 5 | Q88: 45591 | S88: Active | T88: Cloud Storage | U88: =IF(P88="","",IFS(P88<3,"Low",P88<5,"Moderate",P88<7,"High",P88<=9,"Very High",TRUE,"Check Score")) -> High | V88: =IF(O88="","",IF(O88<24, "Below Median", "Median or Above")) -> Median or Above | W88: =IF(I88="","",IFS(I88<0,"Invalid Tenure",I88<=12,"0–12 Months",I88<=24,"13–24 Months",I88<=48,"25–48 Months",TRUE,"49+ Months")) -> 13–24 Months
A89: C00484 | B89: Meera Nair | C89: 62 | D89: North | E89: Jaipur | F89: Basic | G89: Instagram | H89: 45795 | I89: 10 | J89: Annual | K89: Debit Card | L89: 834 | M89: 3 | N89: 0 | O89: 29.2 | P89: 2.5 | Q89: 46057 | R89: 46267 | S89: Churned | T89: Automation | U89: =IF(P89="","",IFS(P89<3,"Low",P89<5,"Moderate",P89<7,"High",P89<=9,"Very High",TRUE,"Check Score")) -> Low | V89: =IF(O89="","",IF(O89<24, "Below Median", "Median or Above")) -> Median or Above | W89: =IF(I89="","",IFS(I89<0,"Invalid Tenure",I89<=12,"0–12 Months",I89<=24,"13–24 Months",I89<=48,"25–48 Months",TRUE,"49+ Months")) -> 0–12 Months
A90: C00662 | B90: Ravi Sharma | C90: 38 | D90: East | E90: Bhubaneswar | F90: Basic | G90: Email | H90: 45467 | I90: 41 | J90: Quarterly | K90: Credit Card | L90: 639 | M90: 1 | N90: 0 | O90: 12.8 | P90: 3.3 | Q90: 46197 | S90: Active | T90: Analytics | U90: =IF(P90="","",IFS(P90<3,"Low",P90<5,"Moderate",P90<7,"High",P90<=9,"Very High",TRUE,"Check Score")) -> Moderate | V90: =IF(O90="","",IF(O90<24, "Below Median", "Median or Above")) -> Below Median | W90: =IF(I90="","",IFS(I90<0,"Invalid Tenure",I90<=12,"0–12 Months",I90<=24,"13–24 Months",I90<=48,"25–48 Months",TRUE,"49+ Months")) -> 25–48 Months
A91: C00117 | B91: Arun Nair | C91: 55 | D91: East | E91: Patna | F91: Basic | G91: Youtube | H91: 44746 | I91: 40 | J91: Annual | K91: Upi | M91: 1 | N91: 2 | O91: 1 | P91: 4.3 | Q91: 45891 | S91: Active | T91: Collaboration | U91: =IF(P91="","",IFS(P91<3,"Low",P91<5,"Moderate",P91<7,"High",P91<=9,"Very High",TRUE,"Check Score")) -> Moderate | V91: =IF(O91="","",IF(O91<24, "Below Median", "Median or Above")) -> Below Median | W91: =IF(I91="","",IFS(I91<0,"Invalid Tenure",I91<=12,"0–12 Months",I91<=24,"13–24 Months",I91<=48,"25–48 Months",TRUE,"49+ Months")) -> 25–48 Months
A92: C01240 | B92: Neha Nair | C92: 47 | D92: West | E92: Pune | F92: Premium | G92: Email | H92: 44773 | I92: 22 | J92: Annual | K92: Debit Card | L92: 3322 | M92: 1 | N92: 2 | O92: 33.4 | P92: 4.4 | Q92: 44959 | R92: 44814 | S92: Churned | T92: Automation | U92: =IF(P92="","",IFS(P92<3,"Low",P92<5,"Moderate",P92<7,"High",P92<=9,"Very High",TRUE,"Check Score")) -> Moderate | V92: =IF(O92="","",IF(O92<24, "Below Median", "Median or Above")) -> Median or Above | W92: =IF(I92="","",IFS(I92<0,"Invalid Tenure",I92<=12,"0–12 Months",I92<=24,"13–24 Months",I92<=48,"25–48 Months",TRUE,"49+ Months")) -> 13–24 Months
A93: C00326 | B93: Priya Reddy | C93: 25 | D93: East | E93: Patna | F93: Standard | G93: Email | H93: 45399 | I93: 22 | J93: Annual | K93: Debit Card | L93: 3324 | M93: 1 | N93: 1 | O93: 45.5 | P93: 3 | Q93: 45751 | S93: Active | T93: Security | U93: =IF(P93="","",IFS(P93<3,"Low",P93<5,"Moderate",P93<7,"High",P93<=9,"Very High",TRUE,"Check Score")) -> Moderate | V93: =IF(O93="","",IF(O93<24, "Below Median", "Median or Above")) -> Median or Above | W93: =IF(I93="","",IFS(I93<0,"Invalid Tenure",I93<=12,"0–12 Months",I93<=24,"13–24 Months",I93<=48,"25–48 Months",TRUE,"49+ Months")) -> 13–24 Months
A94: C00582 | B94: Meera Sharma | C94: 38 | D94: East | E94: Bhubaneswar | F94: Basic | G94: Organic Search | H94: 45921 | I94: 10 | J94: Annual | K94: Credit Card | L94: 657 | M94: 2 | N94: 0 | O94: 14.3 | P94: 3.4 | Q94: 46131 | R94: 26/12/2025 | S94: Churned | T94: Collaboration | U94: =IF(P94="","",IFS(P94<3,"Low",P94<5,"Moderate",P94<7,"High",P94<=9,"Very High",TRUE,"Check Score")) -> Moderate | V94: =IF(O94="","",IF(O94<24, "Below Median", "Median or Above")) -> Below Median | W94: =IF(I94="","",IFS(I94<0,"Invalid Tenure",I94<=12,"0–12 Months",I94<=24,"13–24 Months",I94<=48,"25–48 Months",TRUE,"49+ Months")) -> 0–12 Months
A95: C00262 | B95: Neha Singh | C95: 27 | D95: North | E95: Lucknow | F95: Standard | G95: Google Ads | H95: 45304 | I95: 20 | J95: Monthly | K95: Upi | L95: 1348 | M95: 0 | N95: 0 | O95: 50.3 | P95: 2.3 | Q95: 45811 | S95: Active | T95: Collaboration | U95: =IF(P95="","",IFS(P95<3,"Low",P95<5,"Moderate",P95<7,"High",P95<=9,"Very High",TRUE,"Check Score")) -> Low | V95: =IF(O95="","",IF(O95<24, "Below Median", "Median or Above")) -> Median or Above | W95: =IF(I95="","",IFS(I95<0,"Invalid Tenure",I95<=12,"0–12 Months",I95<=24,"13–24 Months",I95<=48,"25–48 Months",TRUE,"49+ Months")) -> 13–24 Months
A96: C00208 | B96: Sneha Kumar | C96: 45 | D96: North | E96: Chandigarh | F96: Premium | G96: Organic Search | H96: 44830 | I96: 39 | J96: Quarterly | K96: Debit Card | L96: 3701 | M96: 4 | N96: 0 | O96: 33.2 | P96: 4.4 | Q96: 45179 | S96: Yes | T96: Cloud Storage | U96: =IF(P96="","",IFS(P96<3,"Low",P96<5,"Moderate",P96<7,"High",P96<=9,"Very High",TRUE,"Check Score")) -> Moderate | V96: =IF(O96="","",IF(O96<24, "Below Median", "Median or Above")) -> Median or Above | W96: =IF(I96="","",IFS(I96<0,"Invalid Tenure",I96<=12,"0–12 Months",I96<=24,"13–24 Months",I96<=48,"25–48 Months",TRUE,"49+ Months")) -> 25–48 Months
A97: C00910 | B97: Sneha Iyer | C97: 68 | D97: East | E97: Guwahati | F97: Basic | G97: Instagram | H97: 45195 | I97: 31 | J97: Quarterly | K97: Debit Card | L97: 598 | M97: 1 | N97: 2 | O97: 19.4 | P97: 3.8 | Q97: 45789 | R97: 19/01/2025 | S97: Churned | T97: Automation | U97: =IF(P97="","",IFS(P97<3,"Low",P97<5,"Moderate",P97<7,"High",P97<=9,"Very High",TRUE,"Check Score")) -> Moderate | V97: =IF(O97="","",IF(O97<24, "Below Median", "Median or Above")) -> Below Median | W97: =IF(I97="","",IFS(I97<0,"Invalid Tenure",I97<=12,"0–12 Months",I97<=24,"13–24 Months",I97<=48,"25–48 Months",TRUE,"49+ Months")) -> 25–48 Months
A98: C00858 | B98: Ravi Sharma | C98: 37 | D98: South | E98: Chennai | F98: Standard | G98: Instagram | H98: 45074 | I98: 4 | J98: Monthly | K98: Upi | L98: 1566 | M98: 1 | N98: 0 | O98: 30.7 | P98: 3.3 | Q98: 45110 | S98: Active | T98: Collaboration | U98: =IF(P98="","",IFS(P98<3,"Low",P98<5,"Moderate",P98<7,"High",P98<=9,"Very High",TRUE,"Check Score")) -> Moderate | V98: =IF(O98="","",IF(O98<24, "Below Median", "Median or Above")) -> Median or Above | W98: =IF(I98="","",IFS(I98<0,"Invalid Tenure",I98<=12,"0–12 Months",I98<=24,"13–24 Months",I98<=48,"25–48 Months",TRUE,"49+ Months")) -> 0–12 Months
A99: C00921 | B99: Neha Das | C99: 24 | D99: South | E99: Kochi | F99: Basic | G99: Instagram | H99: 45485 | I99: 23 | J99: Quarterly | K99: Upi | L99: 711 | M99: 3 | N99: 1 | O99: 22.3 | P99: 4.6 | Q99: 46009 | R99: 28/08/2025 | S99: Churned | T99: Analytics | U99: =IF(P99="","",IFS(P99<3,"Low",P99<5,"Moderate",P99<7,"High",P99<=9,"Very High",TRUE,"Check Score")) -> Moderate | V99: =IF(O99="","",IF(O99<24, "Below Median", "Median or Above")) -> Below Median | W99: =IF(I99="","",IFS(I99<0,"Invalid Tenure",I99<=12,"0–12 Months",I99<=24,"13–24 Months",I99<=48,"25–48 Months",TRUE,"49+ Months")) -> 13–24 Months
A100: C00653 | B100: Sneha Kumar | C100: 24 | D100: North | E100: Chandigarh | F100: Basic | G100: Instagram | H100: 44640 | I100: 19 | J100: Monthly | K100: Credit Card | L100: 1711 | M100: 2 | N100: 0 | O100: 22.6 | P100: 1.7 | Q100: 44792 | R100: 45268 | S100: Churned | T100: Cloud Storage | U100: =IF(P100="","",IFS(P100<3,"Low",P100<5,"Moderate",P100<7,"High",P100<=9,"Very High",TRUE,"Check Score")) -> Low | V100: =IF(O100="","",IF(O100<24, "Below Median", "Median or Above")) -> Below Median | W100: =IF(I100="","",IFS(I100<0,"Invalid Tenure",I100<=12,"0–12 Months",I100<=24,"13–24 Months",I100<=48,"25–48 Months",TRUE,"49+ Months")) -> 13–24 Months
...

Sheet Understanding_Data
A1: Column description | B1: Total number of records | C1: Unique values(Cleaned data) | D1: Blank | E1: Comments 1 after TRIM | F1: Comments 2 on Numbering format | G1: Data Investigation | H1: Data Investigation 2
A2: Customer_ID | B2: =COUNTA(Raw_Data!A:A)-1 -> 1825 | C2: =IFERROR(__xludf.DUMMYFUNCTION("COUNTUNIQUE(Processed_Data!A2:A1826)"),1076.0) -> 1076 | D2: =COUNTBLANK(Processed_Data!A2:A1826) -> 0 | E2: Only 1076 unique values found | F2: Its the combination of Text-Numeric values | G2: Found same customer ID for different customer names, age, city so even though there are duplicate customer IDs but when compared to other cloumns they are unique
A3: Customer_Name | B3: =COUNTA(Raw_Data!B:B)-1 -> 1825 | C3: =IFERROR(__xludf.DUMMYFUNCTION("COUNTUNIQUE(Processed_Data!B2:B1826)"),80.0) -> 80 | D3: =COUNTBLANK(Processed_Data!B2:B1826) -> 0 | E3: 80 Unique customer names | F3: Text values | G3: Same name but different age and different customer ID, so even though ithere are duplicate customer names, they are unique when compared to other columns
A4: Age | B4: =COUNTA(Raw_Data!C:C)-1 -> 1807 | C4: =IFERROR(__xludf.DUMMYFUNCTION("COUNTUNIQUE(Processed_Data!C2:C1826)"),54.0) -> 54 | D4: =COUNTBLANK(Processed_Data!C2:C1826) -> 18 | E4: 18 balnk cells found in Age column | F4: Set it to number format | G4: Max age in data: 105, Min age: 12, Average age is 44 in data group
A5: Region | B5: =COUNTA(Raw_Data!D:D)-1 -> 1825 | C5: =IFERROR(__xludf.DUMMYFUNCTION("COUNTUNIQUE(Processed_Data!D2:D1826)"),4.0) -> 4 | D5: =COUNTBLANK(#REF!) -> 0 | E5: 4 unique value because same region name written differently example (north, North, NORTH) and so on hence 9 unique values | F5: Text Values | G5: There are 4 unique regions, North, South, East, West, cleaned Raw data had 9 unique values
A6: City | B6: =COUNTA(Raw_Data!E:E)-1 -> 1810 | C6: =IFERROR(__xludf.DUMMYFUNCTION("COUNTUNIQUE(Processed_Data!E2:E1826)"),16.0) -> 16 | D6: =COUNTBLANK(Processed_Data!E2:E1826) -> 15 | E6: 15 blank cells found in City column and all the details filled are unique and written in same format | F6: Text Values | G6: All 16 Cities are distinct values
A7: Plan | B7: =COUNTA(Raw_Data!F:F)-1 -> 1825 | C7: =IFERROR(__xludf.DUMMYFUNCTION("COUNTUNIQUE(Processed_Data!F2:F1826)"),3.0) -> 3 | D7: =COUNTBLANK(Processed_Data!F2:F1826) -> 0 | E7: 3 unique value because same plan name written differently example (standard, Standard, STANDARD) and so on hence 8 unique values | F7: Text Values | G7: Raw data had 8 Unique values after cleaning, 3 unique plans
A8: Acquisition_Channel | B8: =COUNTA(Raw_Data!G:G)-1 -> 1825 | C8: =IFERROR(__xludf.DUMMYFUNCTION("COUNTUNIQUE(Processed_Data!G2:G1826)"),7.0) -> 7 | D8: =COUNTBLANK(Processed_Data!G2:G1826) -> 0 | E8: 7 unique value because same acquistions channel name written differently example (google_ads, GOOGLE_ADS, Google_ADS) and so on hence 12 unique values | F8: Text Values | G8: Raw data had 12 Unique values after cleaning, 7 unique Channels
A9: Signup_Date | B9: =COUNTA(Raw_Data!H:H)-1 -> 1825 | D9: =COUNTBLANK(Processed_Data!H2:H1826) -> 0 | E9: Not need to find unique values as date can be different | F9: Date numeric values, set it to date format | G9: Date Range: Max= 12/21/2025, Min =1/1/2022 Validate:
A10: Tenure_Months | B10: =COUNTA(Raw_Data!I:I)-1 -> 1825 | D10: =COUNTBLANK(Processed_Data!I2:I1826) -> 0 | E10: Not need to find unique values as tenure months can be different | F10: Set it to number format | G10: Max value: 120, Min Value: -3 Need to understand the meaning of negative tenure value
A11: Contract_Type | B11: =COUNTA(Raw_Data!J:J)-1 -> 1825 | C11: =IFERROR(__xludf.DUMMYFUNCTION("COUNTUNIQUE(Processed_Data!J2:J1826)"),3.0) -> 3 | D11: =COUNTBLANK(Processed_Data!J2:J1826) -> 0 | E11: 3 unique value because same contract type name written differently example (Yearly, yearly, YEARLY) and so on hence 6 unique values | F11: Text Values | G11: Raw data had 6 Unique values after cleaning, 3 unique contract type
A12: Payment_Method | B12: =COUNTA(Raw_Data!K:K)-1 -> 1825 | C12: =IFERROR(__xludf.DUMMYFUNCTION("COUNTUNIQUE(Processed_Data!K2:K1826)"),3.0) -> 3 | D12: =COUNTBLANK(Processed_Data!K2:K1826) -> 0 | E12: 3 unique value because same payment method name written differently example (credit, Credit, CREDIT) and so on hence 6 unique values | F12: Text Values | G12: Raw data had 6 Unique values after cleaning, 3 unique Payment Method
A13: Monthly_Fee | B13: =COUNTA(Raw_Data!L:L)-1 -> 1813 | D13: =COUNTBLANK(#REF!) -> 0 | E13: Not need to find unique values as fee can be different, but found ruppess symbol in values | F13: Set it to number format, and removed rupees symbol | G13: Not need to find unique values as fee can be different, but found rupees symbol in values and changed it and no Blank values found in monthly fee column, no negative amount found in data
A14: Support_Tickets | B14: =COUNTA(Raw_Data!M:M)-1 -> 1810 | D14: =COUNTBLANK(Processed_Data!M2:M1826) -> 15 | E14: No need to find unique values, but found 15 blank cells found | F14: Set it to number format
A15: Complaints | B15: =COUNTA(Raw_Data!N:N)-1 -> 1815 | D15: =COUNTBLANK(Processed_Data!N2:N1826) -> 10 | E15: No need to find unique values, but found 10 blank cells found | F15: Set it to number format
A16: Monthly_Usage_Hours | B16: =COUNTA(Raw_Data!O:O)-1 -> 1825 | D16: 0 | E16: No need to find not necessary | F16: Set it to number format | G16: Max usage hour: 56.40 Min usage hour: 1.00 Validate Suspicious values:
A17: Satisfaction_Score | B17: =COUNTA(Raw_Data!P:P)-1 -> 1811 | D17: =COUNTBLANK(Processed_Data!P2:P1826) -> 14 | E17: Scores can be unique so not neccessary to find values | F17: Set it to number format
A18: Last_Login | B18: =COUNTA(Raw_Data!Q:Q)-1 -> 1813 | D18: =COUNTBLANK(Processed_Data!Q2:Q1826) -> 12 | E18: No need to find unique values, but found 12 blank cells found | F18: Date numeric values, set it to date format
A19: Churn_Date | B19: =COUNTA(Raw_Data!R:R)-1 -> 545 | D19: =COUNTBLANK(Processed_Data!R2:R1826) -> 1280 | E19: No churn date for 1280 customer Ids | F19: Date numeric values, set it to date format , when checked each row showed date format but found small issue its not converting the values in the set format at present its in yyyy/mm/dd but i wanted to change it to yyyy-mm-dd, but its not changing | G19: Active with date : 12 without date : 1246 Churned with date: 525 without date: 13
A20: Churn_Status | B20: =COUNTA(Raw_Data!S:S)-1 -> 1825 | C20: =IFERROR(__xludf.DUMMYFUNCTION("COUNTUNIQUE(Processed_Data!S2:S1826)"),4.0) -> 4 | D20: =COUNTBLANK(Processed_Data!S2:S1826) -> 0 | E20: 4 unique value because same plan name written differently example (Churned, churned, CHURNED) and so on hence 8 unique values | F20: Text Values | G20: Raw data had 8 Unique values after cleaning, 4 unique Churn Status Active :1258 Churned: 538 Yes: 20 No:9 COUNTIF(Range, "Status")
A21: Primary_Product | B21: =COUNTA(Raw_Data!T:T)-1 -> 1815 | C21: =IFERROR(__xludf.DUMMYFUNCTION("COUNTUNIQUE(Processed_Data!T2:T1826)"),5.0) -> 5 | D21: =COUNTBLANK(Processed_Data!T2:T1826) -> 10 | E21: 10 blank values and column have 5 unique values | F21: Text Values
A24: Cleaning | B24: Purpose | C24: Formula
A25: 1. Trim | B25: To remove spaces
A26: 2. Text, number, date format | B26: To keep data in desired formats
A27: 3. To replace currency symbol | B27: To replace ₹ | C27: //=IF(L2="","",VALUE(SUBSTITUTE(TRIM(L2),"₹","")))//
A28: 4. Captalisation correction, using PROPER
A29: 5. Churn Data
A30: Active | B30: with date | C30: =SUMPRODUCT((Processed_Data!S:S="Active") * (Processed_Data!R:R<>"")) -> 12
B31: without date | C31: =SUMPRODUCT((Processed_Data!S:S="Active") * (Processed_Data!R:R="")) -> 1246
A32: Churned | B32: with date | C32: =SUMPRODUCT((Processed_Data!S:S="Churned") * (Processed_Data!R:R<>"")) -> 525
B33: without date | C33: =SUMPRODUCT((Processed_Data!S:S="Churned") * (Processed_Data!R:R="")) -> 13

Sheet Data_Summary
A1: Customer IDs Summary
A2: Finding duplicate values for CUSTOMER IDs
A3: Investigation | B3: Finding | C3: Action
A4: Exact duplicate records | B4: 34 rows flagged; potentially 17 duplicate pairs | C4: Investigate before removal
A5: Detection method | B5: Combined columns A:T using TEXTJOIN | C5: Counted matches using COUNTIF
A6: Formula | B6: TEXTJOIN("|",FALSE, A130:T130) | C6: COUNTIF($V$2:$V$1826, V130)
A7: Decision | B7: Pending | C7: Preserve original data
A10: Metric | B10: Finding | C10: Interpretation
A11: Total records | B11: 1825 | C11: Total rows in the dataset
A12: Unique Customer_IDs | B12: 1076 | C12: Distinct IDs found
A13: Blank Customer_IDs | B13: 0 | C13: No missing IDs
A14: Exact duplicate records | B14: 34 | C14: Rows identified as exact duplicates
A15: Records with repeated Customer_IDs | B15: 1215 | C15: IDs repeat across rows, but the other row values differ
A18: Duplicate values
A19: Customer_ID | B19: Customer_Name | C19: Age
A20: C01152 | B20: Neha Kumar | C20: 25
A21: C01530 | B21: Sneha Reddy | C21: 38
A22: C01418 | B22: Arun Singh | C22: 56
A23: C01009 | B23: Neha Das | C23: 45
A24: C01287 | B24: Anita Patel | C24: 38
A25: C01575 | B25: Anita Nair | C25: 67
A26: C00191 | B26: Vikram Das | C26: 51
A27: C00931 | B27: Sneha Sharma | C27: 42
A28: C01543 | B28: Anita Nair | C28: 33
A29: C00816 | B29: Ravi Reddy | C29: 44
A30: C00958 | B30: Anita Iyer | C30: 52
A31: C00532 | B31: Vikram Das | C31: 24
... A53: C00931 | B53: Sneha Sharma | C53: 42
A56: Churn Details
A57: Churn_Status | B57: Total Records | C57: Blank Churn_Date | D57: Churn_Date Filled
A58: Yes | B58: 20 | C58: 14 | D58: 6
A59: No | B59: 9 | C59: 7 | D59: 2
A60: Churn_Status | B60: Total Records | C60: Blank Churn_Date | D60: Churn_Date Filled
A61: Active | B61: 1258 | C61: 1246 | D61: 12
A62: Churned | B62: 537 | C62: 0 | D62: 537
A64: Satisfaction Score Details
A65: Column | B65: Finding
A66: Satisfaction_Score | B66: Expected scale: 0–10
A67: Observed minimum | B67: 0
A68: Observed maximum | B68: 9
A69: Missing values | B69: 14 (from your earlier investigation)
A70: Validation status | B70: Check for values outside 0–10 | C70: Yes 0-10
A72: Assumption for creating the Satisfactio group
A73: Satisfaction Group | B73: Score Range
A74: Low | B74: 0 to below 3
A75: Moderate | B75: 3 to below 5
A76: High | B76: 5 to below 7
A77: Very High | B77: 7 to 9
A79: Monthly Usuage Hours
A80: Max Usuage Hours | B80: =Max(Cleaned_Data!O2:O1809) -> 56.4
A81: Min Usuage Hours | B81: =MIN(Cleaned_Data!O1:O1808) -> 1
A82: Average Usuage Hours | B82: =Average(Cleaned_Data!O2:O1809) -> 24.79115
A83: Median | B83: =Median(Cleaned_Data!O2:O1809) -> 24
A85: Unresolved Issues
A86: Ambiguous Yes and No statuses.
A87: Repeated customer IDs, which mean record counts may not equal unique customer counts.
A88: Negative tenure values.
A89: Missing values in several columns.
A91: Yes or No Churned Status Details
A92: Data Quality Finding — Unresolved Churn Status Values
A93: Issue: The Churn_Status column contains Yes and No values alongside Active and Churned.
A94: Investigation: Reviewed the records containing Yes and No, but could not establish a consistent relationship or determine their intended meaning from the available data.
A95: Possible explanation: These records may contain incorrect or inconsistently encoded status values. However, this remains an assumption and has not been verified.
A96: Action taken: Excluded Yes and No records from preliminary churn-rate calculations, while retaining them in the dataset for transparency.
A97: Recommendation: Confirm the status definitions with the data provider or consult the original data dictionary before including these records in the final churn analysis.
A99: Negative Value in Tenure Months
A100: Field | B100: Details to document
A101: Column Name | B101: Tenure_Months
A102: Data Quality Issue | B102: Negative values
A103: Finding | B103: 2 records have a tenure value of -3 months.
A104: Expected Condition | B104: Tenure should generally be zero or greater.
A105: Possible Cause | B105: Potential data-entry error, calculation issue, or incorrect source data. The actual cause is unconfirmed.
A106: Action Taken | B106: Flagged the records for review; values have not been changed or deleted.
A107: Impact on Analysis | B107: Negative tenure values may distort tenure-group analysis and related churn conclusions.
A108: Recommendation | B108: Verify these records with the data source before correcting or excluding them.

Sheet Churn_Analysis
A1: EXPLORATORY ANALYSIS
A4: Does Contract type relate to Churn?
D6: Preliminary Churn Rate
D7: =C7/(B7+C7) -> 0.31385643
D8: =C8/(B8+C8) -> 0.30681818
D9: =C9/(B9+C9) -> 0.26950355
A12: Interpret the results
A13: Three initial observations:
A14: Annual contracts: Highest preliminary churn rate at 31.39%.
A15: Monthly contracts: 30.68%, close to annual contracts.
A16: Quarterly contracts: Lowest preliminary churn rate at 26.95%.
A17: Annual contracts have the highest rate in this comparison, but we cannot yet conclude that annual contracts cause more churn. We need to validate the labels and investigate other factors before making a business recommendation.
A18: Also, your dataset has repeated Customer_IDs, so these rates currently describe records, not necessarily unique customers.
A21: Does Plan relate to Churn?
D23: Preliminary Churn Rate
D24: =C24/(B24+C24) -> 0.28383234
D25: =C25/(B25+C25) -> 0.32179931
D26: =C26/(B26+C26) -> 0.30381679
A28: Interpret the results
A29: The Premium plan has the highest preliminary churn rate (32.18%), compared with Standard (30.38%) and Basic (28.38%).
A30: Business implication: Investigate whether Premium customers experience issues with pricing, product value, service quality, or expectations.
A31: Limitation: These rates use records labelled Active and Churned only. They exclude 29 records labelled Yes/No and count records rather than verified unique customers. Further investigation is needed before drawing firm conclusions.
A33: Does Satisfaction score relate to Churn?
D35: Preliminary Churn Rate
D36: =C36/(B36+C36) -> 0.42857143
D37: =C37/(B37+C37) -> 0.27272727
D38: =C38/(B38+C38) -> 0.31460674
D39: =C39/(B39+C39) -> 0.29435484
D40: =C40/(B40+C40) -> 0.25
A42: Interpret the results
A43: Low satisfaction has the highest preliminary churn rate.
A44: Low: 31.46%
A45: Moderate: 29.44%
A46: High: 27.27%
A47: The preliminary churn rate decreases as satisfaction increases across these three groups.
A48: The difference between Low and High is 4.19 percentage points.
A49: This suggests a possible relationship between customer satisfaction and churn.
A50: Very High satisfaction needs more data.
A51: Only four records appear in this group. Its 25% rate is based on one churned record, so we shouldn't draw meaningful conclusions from it.
A53: Item | B53: Finding
A54: Business question | B54: Is customer satisfaction associated with churn?
A55: Observation | B55: Low satisfaction has a higher preliminary churn rate than Moderate and High satisfaction.
A56: Highest preliminary rate | B56: Low: 31.46%
A57: Lowest preliminary rate | B57: Very High: 25.00%, based on only 4 records
A58: Business implication | B58: Investigate whether service improvements could help retain dissatisfied customers.
A59: Limitation | B59: These rates are based on records, not verified unique customers; the Yes and No statuses are excluded.
A61: Does Customer Complaints relate to Churn?
D63: Preliminary Churn Rate
D64: =C64/(C64+B64) -> 0.29215116
D65: =C65/(C65+B65) -> 0.29797192
D66: =C66/(C66+B66) -> 0.29595016
D67: =C67/(C67+B67) -> 0.30208333
D68: =C68/(C68+B68) -> 0.41176471
D69: =C69/(C69+B69) -> 0.6
D70: =C70/(C70+B70) -> 1
D71: =C71/(C71+B71) -> 0.2
A73: Interpret the results
A74: Zero complaints: 29.22% preliminary churn rate.
A75: One to three complaints: Rates are quite similar, between 29.80% and 30.21%.
A76: Four or more complaints: The rates increase, but the number of records is very small.
A77: Six complaints: Only one record exists, so its 100% rate is not reliable evidence of a broader pattern.
A78: Preliminary finding: The data does not show a substantial difference in churn rates between customers with zero complaints and those with one to three complaints. Higher complaint counts show higher rates, but the sample sizes are too small to draw a reliable conclusion for four or more complaints.
A79: Also, this is an association—not proof that complaints cause churn. We haven't established whether complaints occurred before the customer churned.
A81: Does Customer Complaints and Satisfaction both relate to Churn?
A93: Interpret the results
A94: Observation 1: Moderate satisfaction dominates
A95: For customers with 0–3 complaints, Moderate is the largest satisfaction group.
A96: For example:
... A114: Investigate whether the relationship between complaints and churn differs by satisfaction level.
D116: Preliminary Churn Rate
D117: =C117/(C117+B117) -> 0.55555556
D118: =C118/(C118+B118) -> 0.3030303
D119: =C119/(C119+B119) -> 0.30795848
D120: =C120/(C120+B120) -> 0.29289941
D121: =C121/(C121+B121) -> 0.25
A123: Interpret the results
A124: Three observations stand out:
A125: Low satisfaction: 30.80% preliminary churn rate.
A126: Moderate satisfaction: 29.26% preliminary churn rate.
A127: High satisfaction: 29.85% preliminary churn rate.
A128: The differences are relatively small. Low satisfaction has the highest rate among these three groups, but this pivot alone does not establish a strong relationship between satisfaction and churn.
A129: Important limitation: We filtered the data to customers with zero or one complaint, but the pivot combines those two complaint counts. We therefore cannot tell whether the relationship differs between customers with zero complaints and those with one.
A130: Also, these are record-based rates, not necessarily unique-customer churn rates, because the dataset contains repeated customer IDs.
A132: Zero Complaint
D134: Preliminary Churn Rate
D135: =C135/(C135+B135) -> 0.4
D136: =C136/(C136+B136) -> 0.2987013
D137: =C137/(C137+B137) -> 0.33333333
D138: =C138/(C138+B138) -> 0.28649635
D139: =C139/(C139+B139) -> 0.33333333
A141: One Complaint
D143: Preliminary Churn Rate
D144: =C144/(C144+B144) -> 0.75
D145: =C145/(C145+B145) -> 0.28358209
D146: =C146/(C146+B146) -> 0.32846715
D147: =C147/(C147+B147) -> 0.29764065
D148: =C148/(C148+B148) -> 0
A150: Interpret the results
A151: Observation A:
A152: Low satisfaction has the highest churn rate in both groups
...

Sheet Dashboard
B1: Customer Churn Analystics
B2: Customer Retention | F2: Churn Patterns | J2: Business Insights
B4: Total Records | E4: Churned Records | H4: Active Records | K4: Preliminary Churn Rate
B5: =COUNTA(Cleaned_Data!A2:A998) -> 1808 | E5: =COUNTIF(Cleaned_Data!S2:S998, "Churned") -> 529 | H5: =COUNTIF(Cleaned_Data!S2:S998, "Active") -> 1250 | K5: =IFERROR(COUNTIF(Cleaned_Data!S2:S998, "Churned")/(COUNTIF(Cleaned_Data!S2:S998, "Churned")+COUNTIF(Cleaned_Data!S2:S998, "Active")),0) -> 0.29735807
B22: Key insight: Annual contracts have the highest preliminary churn rate at 31.39%, while quarterly contracts have the lowest at 26.95%. The difference is 4.44 percentage points. This shows an observed association, not evidence that contract type causes churn. | H22: Key insight: Premium has the highest preliminary churn rate at 32.18%, compared with 28.38% for Basic and 30.38% for Standard. Premium is 3.80 percentage points higher than Basic. Further investigation is needed to understand the reasons behind this difference.
B36: Key insight: The Low satisfaction group has a higher preliminary churn rate than the Moderate and High groups. This suggests a possible association between lower satisfaction and churn, but it does not establish causation. The Very High group is too small for a reliable comparison. | H36: Key insight: Customers with 13–24 months of tenure have the highest preliminary churn rate among the three larger tenure groups, at 31.69%. The 49+ months group has only 10 eligible records, so its 10% rate should not be treated as a reliable comparison. Further analysis is needed to understand why churn differs across tenure groups.
B50: Key insight: Preliminary churn rates are broadly similar for customers reporting 0–3 complaints, ranging from 29.22% to 30.21%. Higher rates appear among customers reporting 4–6 complaints, but the sample sizes are very small. These results suggest a possible pattern that needs further investigation; they do not establish causation. | H50: Key insights: No consistent upward trend in preliminary churn rates was observed as support-ticket counts increased. Some higher-ticket groups had very small sample sizes, so the relationship remains inconclusive.
B52: NOTE: The Yes and No churn statuses have unresolved meanings and are excluded from preliminary churn-rate calculations. Two records have negative tenure values and are excluded from normal tenure-group interpretation. Missing and unusual values were documented for review. Results describe observed associations, not causation.
